This is LuaHBTeX, Version 1.22.0 (MiKTeX 25.4) (format=lualatex 2025.7.7)  1 AUG 2026 12:41
 restricted system commands enabled.
**anfalearNotasCalculo.tex
(./anfalearNotasCalculo.tex
LaTeX2e <2025-06-01> patch level 1
L3 programming layer <2025-06-09>
Lua module: luaotfload 2024-12-03 v3.29 Lua based OpenType font support
Lua module: lualibs 2023-07-13 v2.76 ConTeXt Lua standard libraries.
Lua module: lualibs-extended 2023-07-13 v2.76 ConTeXt Lua libraries -- extended 
collection.
luaotfload | conf : Root cache directory is "C:/Users/anfalear/AppData/Local/MiK
TeX/luatex-cache/generic/names".
luaotfload | init : Loading fontloader "fontloader-2023-12-28.lua" from kpse-res
olved path "C:/Users/anfalear/AppData/Local/Programs/MiKTeX/tex/luatex/luaotfloa
d/fontloader-2023-12-28.lua".
Lua-only attribute luaotfload@noligature = 1
luaotfload | init : Context OpenType loader version 3.134
Inserting `luaotfload.node_processor' in `pre_linebreak_filter'.
Inserting `luaotfload.node_processor' in `hpack_filter'.
Inserting `luaotfload.glyph_stream' in `glyph_stream_provider'.
Inserting `luaotfload.define_font' in `define_font'.
Lua-only attribute luaotfload_color_attribute = 2
luaotfload | conf : Root cache directory is "C:/Users/anfalear/AppData/Local/MiK
TeX/luatex-cache/generic/names".
Inserting `luaotfload.harf.strip_prefix' in `find_opentype_file'.
Inserting `luaotfload.harf.strip_prefix' in `find_truetype_file'.
Removing  `luaotfload.glyph_stream' from `glyph_stream_provider'.
Inserting `luaotfload.harf.glyphstream' in `glyph_stream_provider'.
Inserting `luaotfload.harf.finalize_vlist' in `post_linebreak_filter'.
Inserting `luaotfload.harf.finalize_hlist' in `hpack_filter'.
Inserting `luaotfload.cleanup_files' in `wrapup_run'.
Inserting `luaotfload.harf.finalize_unicode' in `finish_pdffile'.
Inserting `luaotfload.glyphinfo' in `glyph_info'.
Lua-only attribute luaotfload.letterspace_done = 3
Inserting `luaotfload.aux.set_sscale_dimens' in `luaotfload.patch_font'.
Inserting `luaotfload.aux.set_font_index' in `luaotfload.patch_font'.
Inserting `luaotfload.aux.patch_cambria_domh' in `luaotfload.patch_font'.
Inserting `luaotfload.aux.fixup_fontdata' in `luaotfload.patch_font_unsafe'.
Inserting `luaotfload.aux.set_capheight' in `luaotfload.patch_font'.
Inserting `luaotfload.aux.set_xheight' in `luaotfload.patch_font'.
Inserting `luaotfload.rewrite_fontname' in `luaotfload.patch_font'.
Inserting `tracingstacklevels' in `input_level_string'. (C:/Users/anfalear/AppD
ata/Local/Programs/MiKTeX/tex/latex/base/book.cls
Document Class: book 2025/01/22 v1.4n Standard LaTeX document class
(C:/Users/anfalear/AppData/Local/Programs/MiKTeX/tex/latex/base/leqno.clo
File: leqno.clo 2016/12/29 v1.2b Standard LaTeX option (left equation numbers)
)
(C:/Users/anfalear/AppData/Local/Programs/MiKTeX/tex/latex/base/fleqn.clo
File: fleqn.clo 2016/12/29 v1.2b Standard LaTeX option (flush left equations)
\mathindent=\skip49
Applying: [2015/01/01] Make \[ robust on input line 50.
LaTeX Info: Redefining \[ on input line 51.
Already applied: [0000/00/00] Make \[ robust on input line 62.
Applying: [2015/01/01] Make \] robust on input line 74.
LaTeX Info: Redefining \] on input line 75.
Already applied: [0000/00/00] Make \] robust on input line 83.
)
(C:/Users/anfalear/AppData/Local/Programs/MiKTeX/tex/latex/base/bk12.clo
File: bk12.clo 2025/01/22 v1.4n Standard LaTeX file (size option)
luaotfload | db : Font names database loaded from C:/Users/anfalear/AppData/Loca
l/MiKTeX/luatex-cache/generic/names/luaotfload-names.luc.gz)
\c@part=\count273
\c@chapter=\count274
\c@section=\count275
\c@subsection=\count276
\c@subsubsection=\count277
\c@paragraph=\count278
\c@subparagraph=\count279
\c@figure=\count280
\c@table=\count281
\abovecaptionskip=\skip50
\belowcaptionskip=\skip51
\bibindent=\dimen147
)
(C:/Users/anfalear/AppData/Local/Programs/MiKTeX/tex/latex/geometry/geometry.st
y
Package: geometry 2020/01/02 v5.9 Page Geometry

(C:/Users/anfalear/AppData/Local/Programs/MiKTeX/tex/latex/graphics/keyval.sty
Package: keyval 2022/05/29 v1.15 key=value parser (DPC)
\KV@toks@=\toks17
) (C:/Users/anfalear/AppData/Local/Programs/MiKTeX/tex/generic/iftex/ifvtex.sty
Package: ifvtex 2019/10/25 v1.7 ifvtex legacy package. Use iftex instead.

(C:/Users/anfalear/AppData/Local/Programs/MiKTeX/tex/generic/iftex/iftex.sty
Package: iftex 2024/12/12 v1.0g TeX engine tests
))
\Gm@cnth=\count282
\Gm@cntv=\count283
\c@Gm@tempcnt=\count284
\Gm@bindingoffset=\dimen148
\Gm@wd@mp=\dimen149
\Gm@odd@mp=\dimen150
\Gm@even@mp=\dimen151
\Gm@layoutwidth=\dimen152
\Gm@layoutheight=\dimen153
\Gm@layouthoffset=\dimen154
\Gm@layoutvoffset=\dimen155
\Gm@dimlist=\toks18

(C:/Users/anfalear/AppData/Local/Programs/MiKTeX/tex/latex/geometry/geometry.cf
g))
(C:/Users/anfalear/AppData/Local/Programs/MiKTeX/tex/latex/base/inputenc.sty
Package: inputenc 2024/02/08 v1.3d Input encoding file
\inpenc@prehook=\toks19
\inpenc@posthook=\toks20


Package inputenc Warning: inputenc package ignored with utf8 based engines.

) (C:/Users/anfalear/AppData/Local/Programs/MiKTeX/tex/generic/babel/babel.sty
Package: babel 2025/05/14 v25.9 The multilingual framework for pdfLaTeX, LuaLaT
eX and XeLaTeX

(C:/Users/anfalear/AppData/Local/Programs/MiKTeX/tex/generic/babel/luababel.def
\bbl@readstream=\read2
\l@afrikaans=\language2
Package babel Info: Non-standard hyphenation setup on input line 118.
\l@ancientgreek=\language3
\l@armenian=\language4
\l@assamese=\language5
\l@basque=\language6
\l@belarusian=\language7
\l@bengali=\language8
\l@bokmal=\language9
\l@bulgarian=\language10
\l@catalan=\language11
\l@churchslavonic=\language12
\l@classiclatin=\language13
\l@coptic=\language14
\l@croatian=\language15
\l@czech=\language16
\l@danish=\language17
\l@dutch=\language18
\l@esperanto=\language19
\l@estonian=\language20
\l@ethiopic=\language21
\l@finnish=\language22
\l@french=\language23
\l@friulan=\language24
\l@galician=\language25
\l@georgian=\language26
\l@german=\language27
\l@greek=\language28
\l@gujarati=\language29
\l@hindi=\language30
\l@hungarian=\language31
\l@icelandic=\language32
\l@indonesian=\language33
\l@interlingua=\language34
\l@irish=\language35
\l@italian=\language36
\l@kannada=\language37
\l@kurmanji=\language38
\l@latin=\language39
\l@latvian=\language40
\l@lithuanian=\language41
\l@liturgicallatin=\language42
\l@macedonian=\language43
\l@malayalam=\language44
\l@marathi=\language45
\l@mongolian=\language46
\l@mongolianlmc=\language47
\l@monogreek=\language48
\l@ngerman=\language49
\l@nynorsk=\language50
\l@occitan=\language51
\l@oriya=\language52
\l@pali=\language53
\l@panjabi=\language54
\l@piedmontese=\language55
\l@polish=\language56
\l@portuguese=\language57
\l@romanian=\language58
\l@romansh=\language59
\l@russian=\language60
\l@sanskrit=\language61
\l@serbian=\language62
\l@serbianc=\language63
\l@slovak=\language64
\l@slovenian=\language65
\l@spanish=\language66
\l@swedish=\language67
\l@swissgerman=\language68
\l@tamil=\language69
\l@telugu=\language70
\l@thai=\language71
\l@turkish=\language72
\l@turkmen=\language73
\l@ukenglish=\language74
\l@ukrainian=\language75
\l@uppersorbian=\language76
\l@usenglishmax=\language77
\l@welsh=\language78
\babelcatcodetablenum=\catcodetable14
\bbl@pattcodes=\catcodetable15
)
\babel@savecnt=\count285
LaTeX Encoding Info:    Redeclaring text command \ij (encoding OT1) on input li
ne 2043.
LaTeX Encoding Info:    Redeclaring text command \IJ (encoding OT1) on input li
ne 2045.
LaTeX Encoding Info:    Redeclaring text command \ij (encoding T1) on input lin
e 2047.
LaTeX Encoding Info:    Redeclaring text command \IJ (encoding T1) on input lin
e 2048.
LaTeX Encoding Info:    Ignoring declaration for text command \ij (encoding ?) 
on input line 2049.
LaTeX Encoding Info:    Ignoring declaration for text command \IJ (encoding ?) 
on input line 2051.
LaTeX Encoding Info:    Ignoring declaration for text command \SS (encoding ?) 
on input line 2076.
\U@D=\dimen156
\l@unhyphenated=\language79

(C:/Users/anfalear/AppData/Local/Programs/MiKTeX/tex/generic/babel/luababel.def
\bbl@attr@locale=\attribute4
)
*************************************
* Local config file bblopts.cfg used
*
(C:/Users/anfalear/AppData/Local/Programs/MiKTeX/tex/latex/arabi/bblopts.cfg
File: bblopts.cfg 2005/09/08 v0.1 add Arabic and Farsi to "declared" options of
 babel
)
(C:/Users/anfalear/AppData/Local/Programs/MiKTeX/tex/latex/babel-spanish/spanis
h.ldf
Language: spanish.ldf 2021/05/27 v5.0q Spanish support from the babel system

(C:/Users/anfalear/AppData/Local/Programs/MiKTeX/tex/generic/babel/locale/es/ba
bel-spanish.tex
Package babel Info: Importing font and identification data for spanish
(babel)             from babel-es.ini. Reported on input line 11.
)
\es@quottoks=\toks21
\es@quotdepth=\count286
Package babel Info: Making " an active character on input line 570.
Package babel Info: Making . an active character on input line 675.
Package babel Info: Making < an active character on input line 722.
Package babel Info: Making > an active character on input line 722.

(C:/Users/anfalear/AppData/Local/Programs/MiKTeX/tex/generic/hyph-utf8/loadhyph
/loadhyph-es.tex UTF-8 Spanish hyphenation patterns
(C:/Users/anfalear/AppData/Local/Programs/MiKTeX/tex/generic/hyph-utf8/patterns
/tex/hyph-es.tex))))
LaTeX Encoding Info:    Redeclaring text command \guillemotleft (encoding OT1) 
on input line 11.
LaTeX Encoding Info:    Redeclaring text command \guillemotright (encoding OT1)
 on input line 11.

(C:/Users/anfalear/AppData/Local/Programs/MiKTeX/tex/latex/fontspec/fontspec.st
y
(C:/Users/anfalear/AppData/Local/Programs/MiKTeX/tex/latex/l3packages/xparse/xp
arse.sty
(C:/Users/anfalear/AppData/Local/Programs/MiKTeX/tex/latex/l3kernel/expl3.sty
Package: expl3 2025-06-09 L3 programming layer (loader) 

(C:/Users/anfalear/AppData/Local/Programs/MiKTeX/tex/latex/l3backend/l3backend-
luatex.def
File: l3backend-luatex.def 2025-06-09 L3 backend support: PDF output (LuaTeX)
\l__color_backend_stack_int=\count287
Inserting `l3color' in `luaotfload.parse_color'.))
Package: xparse 2024-08-16 L3 Experimental document command parser
)
Package: fontspec 2024/05/11 v2.9e Font selection for XeLaTeX and LuaLaTeX
Lua module: fontspec 2024/05/11 v2.9e Font selection for XeLaTeX and LuaLaTeX
(C:/Users/anfalear/AppData/Local/Programs/MiKTeX/tex/latex/fontspec/fontspec-lu
atex.sty
Package: fontspec-luatex 2024/05/11 v2.9e Font selection for XeLaTeX and LuaLaT
eX
\l__fontspec_script_int=\count288
\l__fontspec_language_int=\count289
\l__fontspec_strnum_int=\count290
\l__fontspec_tmp_int=\count291
\l__fontspec_tmpa_int=\count292
\l__fontspec_tmpb_int=\count293
\l__fontspec_tmpc_int=\count294
\l__fontspec_em_int=\count295
\l__fontspec_emdef_int=\count296
\l__fontspec_strong_int=\count297
\l__fontspec_strongdef_int=\count298
\l__fontspec_tmpa_dim=\dimen157
\l__fontspec_tmpb_dim=\dimen158
\l__fontspec_tmpc_dim=\dimen159

(C:/Users/anfalear/AppData/Local/Programs/MiKTeX/tex/latex/base/fontenc.sty
Package: fontenc 2024/12/21 v2.1c Standard LaTeX package
)
(C:/Users/anfalear/AppData/Local/Programs/MiKTeX/tex/latex/fontspec/fontspec.cf
g)))
luaotfload | cache : Lookup cache loaded from C:/Users/anfalear/AppData/Local/Mi
KTeX/luatex-cache/generic/names/luaotfload-lookup-cache.luc.

Package fontspec Info: 
(fontspec)             Font family 'TimesNewRoman(0)' created for font 'Times
(fontspec)             New Roman' with options [Ligatures=TeX].
(fontspec)              
(fontspec)              This font family consists of the following NFSS
(fontspec)             series/shapes:
(fontspec)              
(fontspec)             - 'normal' (m/n) with NFSS spec.: <->"name:Times New
(fontspec)             Roman:mode=node;script=latn;language=dflt;+tlig;"
(fontspec)             - 'small caps'  (m/sc) with NFSS spec.: <->"name:Times
(fontspec)             New
(fontspec)             Roman:mode=node;script=latn;language=dflt;+tlig;+smcp;"
(fontspec)             - 'bold' (b/n) with NFSS spec.: <->"name:Times New
(fontspec)             Roman/B:mode=node;script=latn;language=dflt;+tlig;"
(fontspec)             - 'bold small caps'  (b/sc) with NFSS spec.:
(fontspec)             <->"name:Times New
(fontspec)             Roman/B:mode=node;script=latn;language=dflt;+tlig;+smcp;
"
(fontspec)             - 'italic' (m/it) with NFSS spec.: <->"name:Times New
(fontspec)             Roman/I:mode=node;script=latn;language=dflt;+tlig;"
(fontspec)             - 'italic small caps'  (m/scit) with NFSS spec.:
(fontspec)             <->"name:Times New
(fontspec)             Roman/I:mode=node;script=latn;language=dflt;+tlig;+smcp;
"
(fontspec)             - 'bold italic' (b/it) with NFSS spec.: <->"name:Times
(fontspec)             New
(fontspec)             Roman/BI:mode=node;script=latn;language=dflt;+tlig;"
(fontspec)             - 'bold italic small caps'  (b/scit) with NFSS spec.:
(fontspec)             <->"name:Times New
(fontspec)             Roman/BI:mode=node;script=latn;language=dflt;+tlig;+smcp
;"


(C:/Users/anfalear/AppData/Local/Programs/MiKTeX/tex/latex/amsmath/amsmath.sty
Package: amsmath 2025/06/16 v2.17y AMS math features
\@mathmargin=\skip52

For additional information on amsmath, use the `?' option.
(C:/Users/anfalear/AppData/Local/Programs/MiKTeX/tex/latex/amsmath/amstext.sty
Package: amstext 2024/11/17 v2.01 AMS text

(C:/Users/anfalear/AppData/Local/Programs/MiKTeX/tex/latex/amsmath/amsgen.sty
File: amsgen.sty 1999/11/30 v2.0 generic functions
\@emptytoks=\toks22
\ex@=\dimen160
)) (C:/Users/anfalear/AppData/Local/Programs/MiKTeX/tex/latex/amsmath/amsbsy.st
y
Package: amsbsy 1999/11/29 v1.2d Bold Symbols
\pmbraise@=\dimen161
) (C:/Users/anfalear/AppData/Local/Programs/MiKTeX/tex/latex/amsmath/amsopn.sty
Package: amsopn 2022/04/08 v2.04 operator names
)
\inf@bad=\count299
LaTeX Info: Redefining \frac on input line 235.
\uproot@=\count300
\leftroot@=\count301
LaTeX Info: Redefining \overline on input line 398.
LaTeX Info: Redefining \colon on input line 409.
\classnum@=\count302
\DOTSCASE@=\count303
LaTeX Info: Redefining \ldots on input line 495.
LaTeX Info: Redefining \dots on input line 498.
LaTeX Info: Redefining \cdots on input line 619.
\Mathstrutbox@=\box53
\strutbox@=\box54
LaTeX Info: Redefining \big on input line 721.
LaTeX Info: Redefining \Big on input line 722.
LaTeX Info: Redefining \bigg on input line 723.
LaTeX Info: Redefining \Bigg on input line 724.
\big@size=\dimen162
LaTeX Font Info:    Redeclaring font encoding OML on input line 742.
LaTeX Font Info:    Redeclaring font encoding OMS on input line 743.
\macc@depth=\count304
LaTeX Info: Redefining \bmod on input line 904.
LaTeX Info: Redefining \pmod on input line 909.
LaTeX Info: Redefining \smash on input line 939.
LaTeX Info: Redefining \relbar on input line 969.
LaTeX Info: Redefining \Relbar on input line 970.
\c@MaxMatrixCols=\count305
\dotsspace@=\muskip17
\c@parentequation=\count306
\dspbrk@lvl=\count307
\tag@help=\toks23
\row@=\count308
\column@=\count309
\maxfields@=\count310
\andhelp@=\toks24
\eqnshift@=\dimen163
\alignsep@=\dimen164
\tagshift@=\dimen165
\tagwidth@=\dimen166
\totwidth@=\dimen167
\lineht@=\dimen168
\@envbody=\toks25
\multlinegap=\skip53
\multlinetaggap=\skip54
\mathdisplay@stack=\toks26
LaTeX Info: Redefining \[ on input line 2949.
LaTeX Info: Redefining \] on input line 2950.
) (C:/Users/anfalear/AppData/Local/Programs/MiKTeX/tex/latex/amscls/amsthm.sty
Package: amsthm 2020/05/29 v2.20.6
\thm@style=\toks27
\thm@bodyfont=\toks28
\thm@headfont=\toks29
\thm@notefont=\toks30
\thm@headpunct=\toks31
\thm@preskip=\skip55
\thm@postskip=\skip56
\thm@headsep=\skip57
\dth@everypar=\toks32
)
(C:/Users/anfalear/AppData/Local/Programs/MiKTeX/tex/latex/amsfonts/amssymb.sty
Package: amssymb 2013/01/14 v3.01 AMS font symbols

(C:/Users/anfalear/AppData/Local/Programs/MiKTeX/tex/latex/amsfonts/amsfonts.st
y
Package: amsfonts 2013/01/14 v3.01 Basic AMSFonts support
\symAMSa=\mathgroup4
\symAMSb=\mathgroup5
LaTeX Font Info:    Redeclaring math symbol \hbar on input line 98.
LaTeX Font Info:    Overwriting math alphabet `\mathfrak' in version `bold'
(Font)                  U/euf/m/n --> U/euf/b/n on input line 106.
))
(C:/Users/anfalear/AppData/Local/Programs/MiKTeX/tex/latex/jknappen/mathrsfs.st
y
Package: mathrsfs 1996/01/01 Math RSFS package v1.0 (jk)
\symrsfs=\mathgroup6
)
(C:/Users/anfalear/AppData/Local/Programs/MiKTeX/tex/latex/imakeidx/imakeidx.st
y
Package: imakeidx 2016/10/15 v1.3e Package for typesetting indices in a synchro
nous mode

(C:/Users/anfalear/AppData/Local/Programs/MiKTeX/tex/latex/xkeyval/xkeyval.sty
Package: xkeyval 2022/06/16 v2.9 package option processing (HA)

(C:/Users/anfalear/AppData/Local/Programs/MiKTeX/tex/generic/xkeyval/xkeyval.te
x
(C:/Users/anfalear/AppData/Local/Programs/MiKTeX/tex/generic/xkeyval/xkvutils.t
ex
\XKV@toks=\toks33
\XKV@tempa@toks=\toks34
)
\XKV@depth=\count311
File: xkeyval.tex 2014/12/03 v2.7a key=value parser (HA)
))
(C:/Users/anfalear/AppData/Local/Programs/MiKTeX/tex/generic/iftex/ifxetex.sty
Package: ifxetex 2019/10/25 v0.7 ifxetex legacy package. Use iftex instead.
)
(C:/Users/anfalear/AppData/Local/Programs/MiKTeX/tex/generic/iftex/ifluatex.sty
Package: ifluatex 2019/10/25 v1.5 ifluatex legacy package. Use iftex instead.
) (C:/Users/anfalear/AppData/Local/Programs/MiKTeX/tex/latex/tools/multicol.sty
Package: multicol 2025/05/25 v2.0a multicolumn formatting (FMi)
\c@tracingmulticols=\count312
\mult@box=\box55
\multicol@leftmargin=\dimen169
\c@unbalance=\count313
\c@collectmore=\count314
\doublecol@number=\count315
\multicoltolerance=\count316
\multicolpretolerance=\count317
\full@width=\dimen170
\page@free=\dimen171
\premulticols=\dimen172
\postmulticols=\dimen173
\multicolsep=\skip58
\multicolbaselineskip=\skip59
\partial@page=\box56
\last@line=\box57
\mc@boxedresult=\box58
\maxbalancingoverflow=\dimen174
\mult@rightbox=\box59
\mult@grightbox=\box60
\mult@firstbox=\box61
\mult@gfirstbox=\box62
\@tempa=\box63
\@tempa=\box64
\@tempa=\box65
\@tempa=\box66
\@tempa=\box67
\@tempa=\box68
\@tempa=\box69
\@tempa=\box70
\@tempa=\box71
\@tempa=\box72
\@tempa=\box73
\@tempa=\box74
\@tempa=\box75
\@tempa=\box76
\@tempa=\box77
\@tempa=\box78
\@tempa=\box79
\@tempa=\box80
\@tempa=\box81
\@tempa=\box82
\@tempa=\box83
\@tempa=\box84
\@tempa=\box85
\@tempa=\box86
\@tempa=\box87
\@tempa=\box88
\@tempa=\box89
\@tempa=\box90
\@tempa=\box91
\@tempa=\box92
\@tempa=\box93
\@tempa=\box94
\@tempa=\box95
\@tempa=\box96
\@tempa=\box97
\@tempa=\box98
\c@minrows=\count318
\c@columnbadness=\count319
\c@finalcolumnbadness=\count320
\last@try=\dimen175
\multicolovershoot=\dimen176
\multicolundershoot=\dimen177
\mult@nat@firstbox=\box99
\colbreak@box=\box100
\mc@col@check@num=\count321
\g__mc_curr_col_int=\count322
))
\anfalearNotasCalculo@idxfile=\write3

\openout3 = anfalearNotasCalculo.idx

Writing index file anfalearNotasCalculo.idx

(C:/Users/anfalear/AppData/Local/Programs/MiKTeX/tex/latex/graphics/graphicx.st
y
Package: graphicx 2024/12/31 v1.2e Enhanced LaTeX Graphics (DPC,SPQR)

(C:/Users/anfalear/AppData/Local/Programs/MiKTeX/tex/latex/graphics/graphics.st
y
Package: graphics 2024/08/06 v1.4g Standard LaTeX Graphics (DPC,SPQR)
 (C:/Users/anfalear/AppData/Local/Programs/MiKTeX/tex/latex/graphics/trig.sty
Package: trig 2023/12/02 v1.11 sin cos tan (DPC)
)
(C:/Users/anfalear/AppData/Local/Programs/MiKTeX/tex/latex/graphics-cfg/graphic
s.cfg
File: graphics.cfg 2016/06/04 v1.11 sample graphics configuration
)
Package graphics Info: Driver file: luatex.def on input line 106.

(C:/Users/anfalear/AppData/Local/Programs/MiKTeX/tex/latex/graphics-def/luatex.
def
File: luatex.def 2024/04/13 v1.2e Graphics/color driver for luatex
))
\Gin@req@height=\dimen178
\Gin@req@width=\dimen179
)
(C:/Users/anfalear/AppData/Local/Programs/MiKTeX/tex/latex/xcolor/xcolor.sty
Package: xcolor 2024/09/29 v3.02 LaTeX color extensions (UK)

(C:/Users/anfalear/AppData/Local/Programs/MiKTeX/tex/latex/graphics-cfg/color.c
fg
File: color.cfg 2016/01/02 v1.6 sample color configuration
)
Package xcolor Info: Driver file: luatex.def on input line 274.

(C:/Users/anfalear/AppData/Local/Programs/MiKTeX/tex/latex/graphics/mathcolor.l
tx)
Package xcolor Info: Model `cmy' substituted by `cmy0' on input line 1349.
Package xcolor Info: Model `hsb' substituted by `rgb' on input line 1353.
Package xcolor Info: Model `RGB' extended on input line 1365.
Package xcolor Info: Model `HTML' substituted by `rgb' on input line 1367.
Package xcolor Info: Model `Hsb' substituted by `hsb' on input line 1368.
Package xcolor Info: Model `tHsb' substituted by `hsb' on input line 1369.
Package xcolor Info: Model `HSB' substituted by `hsb' on input line 1370.
Package xcolor Info: Model `Gray' substituted by `gray' on input line 1371.
Package xcolor Info: Model `wave' substituted by `hsb' on input line 1372.
) (C:/Users/anfalear/AppData/Local/Programs/MiKTeX/tex/latex/float/float.sty
Package: float 2001/11/08 v1.3d Float enhancements (AL)
\c@float@type=\count323
\float@exts=\toks35
\float@box=\box101
\@float@everytoks=\toks36
\@floatcapt=\box102
)
(C:/Users/anfalear/AppData/Local/Programs/MiKTeX/tex/latex/wrapfig/wrapfig.sty
\wrapoverhang=\dimen180
\WF@size=\dimen181
\c@WF@wrappedlines=\count324
\WF@box=\box103
\WF@everypar=\toks37
Package: wrapfig 2003/01/31  v 3.6
)
(C:/Users/anfalear/AppData/Local/Programs/MiKTeX/tex/latex/floatflt/floatflt.st
y
Package: floatflt 1997/07/16 v. 1.31
\c@OptionTest=\count325
\figbox=\box104
\tabbox=\box105
\pagebox=\box106
\ffigcount=\count326
\ftabcount=\count327
\fftest=\count328
\hangcount=\count329
\nosuccesstryfig=\count330
\nosuccesstrytab=\count331
\figgutter=\dimen182
\tabgutter=\dimen183
\htdone=\dimen184
\pageht=\dimen185
\startpageht=\dimen186
\tabbredd=\dimen187
\floatfltwidth=\dimen188
\fltitemwidth=\dimen189
\outputpretest=\toks38
) (C:/Users/anfalear/AppData/Local/Programs/MiKTeX/tex/latex/tools/array.sty
Package: array 2025/06/08 v2.6j Tabular extension package (FMi)
\col@sep=\dimen190
\ar@mcellbox=\box107
\extrarowheight=\dimen191
\NC@list=\toks39
\extratabsurround=\skip60
\backup@length=\skip61
\ar@cellbox=\box108
)
(C:/Users/anfalear/AppData/Local/Programs/MiKTeX/tex/latex/booktabs/booktabs.st
y
Package: booktabs 2020/01/12 v1.61803398 Publication quality tables
\heavyrulewidth=\dimen192
\lightrulewidth=\dimen193
\cmidrulewidth=\dimen194
\belowrulesep=\dimen195
\belowbottomsep=\dimen196
\aboverulesep=\dimen197
\abovetopsep=\dimen198
\cmidrulesep=\dimen199
\cmidrulekern=\dimen256
\defaultaddspace=\dimen257
\@cmidla=\count332
\@cmidlb=\count333
\@aboverulesep=\dimen258
\@belowrulesep=\dimen259
\@thisruleclass=\count334
\@lastruleclass=\count335
\@thisrulewidth=\dimen260
)
(C:/Users/anfalear/AppData/Local/Programs/MiKTeX/tex/latex/tools/tabularx.sty
Package: tabularx 2023/12/11 v2.12a `tabularx' package (DPC)
\TX@col@width=\dimen261
\TX@old@table=\dimen262
\TX@old@col=\dimen263
\TX@target=\dimen264
\TX@delta=\dimen265
\TX@cols=\count336
\TX@ftn=\toks40
)
(C:/Users/anfalear/AppData/Local/Programs/MiKTeX/tex/latex/tabu/tabu.sty
Package: tabu 2019/01/11 v2.9 - flexible LaTeX tabulars (FC+tabu-fixed)

(C:/Users/anfalear/AppData/Local/Programs/MiKTeX/tex/latex/varwidth/varwidth.st
y
Package: varwidth 2009/03/30 ver 0.92;  Variable-width minipages
\@vwid@box=\box109
\sift@deathcycles=\count337
\@vwid@loff=\dimen266
\@vwid@roff=\dimen267
)
==> First Aid for varwidth.sty applied!
\c@taburow=\count338
\tabu@nbcols=\count339
\tabu@cnt=\count340
\tabu@Xcol=\count341
\tabu@alloc=\count342
\tabu@nested=\count343
\tabu@target=\dimen268
\tabu@spreadtarget=\dimen269
\tabu@naturalX=\dimen270
\tabucolX=\dimen271
\tabu@Xsum=\dimen272
\extrarowdepth=\dimen273
\abovetabulinesep=\dimen274
\belowtabulinesep=\dimen275
\tabustrutrule=\dimen276
\tabu@thebody=\toks41
\tabu@footnotes=\toks42
\tabu@box=\box110
\tabu@arstrutbox=\box111
\tabu@hleads=\box112
\tabu@vleads=\box113
\tabu@cellskip=\skip62
)
(C:/Users/anfalear/AppData/Local/Programs/MiKTeX/tex/latex/colortbl/colortbl.st
y
Package: colortbl 2024/10/29 v1.0k Color table columns (DPC)
\everycr=\toks43
\minrowclearance=\skip63
\rownum=\count344
)
(C:/Users/anfalear/AppData/Local/Programs/MiKTeX/tex/latex/multirow/multirow.st
y
Package: multirow 2024/11/12 v2.9 Span multiple rows of a table
\multirow@colwidth=\skip64
\multirow@cntb=\count345
\multirow@dima=\skip65
\bigstrutjot=\dimen277
)
(C:/Users/anfalear/AppData/Local/Programs/MiKTeX/tex/latex/graphics/rotating.st
y
Package: rotating 2025/01/14 v2.16e rotated objects in LaTeX
 (C:/Users/anfalear/AppData/Local/Programs/MiKTeX/tex/latex/base/ifthen.sty
Package: ifthen 2024/03/16 v1.1e Standard LaTeX ifthen package (DPC)
)
\c@r@tfl@t=\count346
\rotFPtop=\skip66
\rotFPbot=\skip67
\rot@float@box=\box114
\rot@mess@toks=\toks44
)
(C:/Users/anfalear/AppData/Local/Programs/MiKTeX/tex/latex/pgf/basiclayer/pgf.s
ty
(C:/Users/anfalear/AppData/Local/Programs/MiKTeX/tex/latex/pgf/utilities/pgfrcs
.sty
(C:/Users/anfalear/AppData/Local/Programs/MiKTeX/tex/generic/pgf/utilities/pgfu
til-common.tex
\pgfutil@everybye=\toks45
\pgfutil@tempdima=\dimen278
\pgfutil@tempdimb=\dimen279
)
(C:/Users/anfalear/AppData/Local/Programs/MiKTeX/tex/generic/pgf/utilities/pgfu
til-latex.def
\pgfutil@abb=\box115
)
(C:/Users/anfalear/AppData/Local/Programs/MiKTeX/tex/generic/pgf/utilities/pgfr
cs.code.tex
(C:/Users/anfalear/AppData/Local/Programs/MiKTeX/tex/generic/pgf/pgf.revision.t
ex)
Package: pgfrcs 2023-01-15 v3.1.10 (3.1.10)
))
Package: pgf 2023-01-15 v3.1.10 (3.1.10)

(C:/Users/anfalear/AppData/Local/Programs/MiKTeX/tex/latex/pgf/basiclayer/pgfco
re.sty
(C:/Users/anfalear/AppData/Local/Programs/MiKTeX/tex/latex/pgf/systemlayer/pgfs
ys.sty
(C:/Users/anfalear/AppData/Local/Programs/MiKTeX/tex/generic/pgf/systemlayer/pg
fsys.code.tex
Package: pgfsys 2023-01-15 v3.1.10 (3.1.10)

(C:/Users/anfalear/AppData/Local/Programs/MiKTeX/tex/generic/pgf/utilities/pgfk
eys.code.tex
\pgfkeys@pathtoks=\toks46
\pgfkeys@temptoks=\toks47

(C:/Users/anfalear/AppData/Local/Programs/MiKTeX/tex/generic/pgf/utilities/pgfk
eyslibraryfiltered.code.tex
\pgfkeys@tmptoks=\toks48
))
\pgf@x=\dimen280
\pgf@y=\dimen281
\pgf@xa=\dimen282
\pgf@ya=\dimen283
\pgf@xb=\dimen284
\pgf@yb=\dimen285
\pgf@xc=\dimen286
\pgf@yc=\dimen287
\pgf@xd=\dimen288
\pgf@yd=\dimen289
\w@pgf@writea=\write4
\r@pgf@reada=\read3
\c@pgf@counta=\count347
\c@pgf@countb=\count348
\c@pgf@countc=\count349
\c@pgf@countd=\count350
\t@pgf@toka=\toks49
\t@pgf@tokb=\toks50
\t@pgf@tokc=\toks51
\pgf@sys@id@count=\count351

(C:/Users/anfalear/AppData/Local/Programs/MiKTeX/tex/generic/pgf/systemlayer/pg
f.cfg
File: pgf.cfg 2023-01-15 v3.1.10 (3.1.10)
)
Driver file for pgf: pgfsys-luatex.def

(C:/Users/anfalear/AppData/Local/Programs/MiKTeX/tex/generic/pgf/systemlayer/pg
fsys-luatex.def
File: pgfsys-luatex.def 2023-01-15 v3.1.10 (3.1.10)

(C:/Users/anfalear/AppData/Local/Programs/MiKTeX/tex/generic/pgf/systemlayer/pg
fsys-common-pdf.def
File: pgfsys-common-pdf.def 2023-01-15 v3.1.10 (3.1.10)
)))
(C:/Users/anfalear/AppData/Local/Programs/MiKTeX/tex/generic/pgf/systemlayer/pg
fsyssoftpath.code.tex
File: pgfsyssoftpath.code.tex 2023-01-15 v3.1.10 (3.1.10)
\pgfsyssoftpath@smallbuffer@items=\count352
\pgfsyssoftpath@bigbuffer@items=\count353
)
(C:/Users/anfalear/AppData/Local/Programs/MiKTeX/tex/generic/pgf/systemlayer/pg
fsysprotocol.code.tex
File: pgfsysprotocol.code.tex 2023-01-15 v3.1.10 (3.1.10)
))
(C:/Users/anfalear/AppData/Local/Programs/MiKTeX/tex/generic/pgf/basiclayer/pgf
core.code.tex
Package: pgfcore 2023-01-15 v3.1.10 (3.1.10)

(C:/Users/anfalear/AppData/Local/Programs/MiKTeX/tex/generic/pgf/math/pgfmath.c
ode.tex
(C:/Users/anfalear/AppData/Local/Programs/MiKTeX/tex/generic/pgf/math/pgfmathut
il.code.tex)
(C:/Users/anfalear/AppData/Local/Programs/MiKTeX/tex/generic/pgf/math/pgfmathpa
rser.code.tex
\pgfmath@dimen=\dimen290
\pgfmath@count=\count354
\pgfmath@box=\box116
\pgfmath@toks=\toks52
\pgfmath@stack@operand=\toks53
\pgfmath@stack@operation=\toks54
)
(C:/Users/anfalear/AppData/Local/Programs/MiKTeX/tex/generic/pgf/math/pgfmathfu
nctions.code.tex)
(C:/Users/anfalear/AppData/Local/Programs/MiKTeX/tex/generic/pgf/math/pgfmathfu
nctions.basic.code.tex)
(C:/Users/anfalear/AppData/Local/Programs/MiKTeX/tex/generic/pgf/math/pgfmathfu
nctions.trigonometric.code.tex)
(C:/Users/anfalear/AppData/Local/Programs/MiKTeX/tex/generic/pgf/math/pgfmathfu
nctions.random.code.tex)
(C:/Users/anfalear/AppData/Local/Programs/MiKTeX/tex/generic/pgf/math/pgfmathfu
nctions.comparison.code.tex)
(C:/Users/anfalear/AppData/Local/Programs/MiKTeX/tex/generic/pgf/math/pgfmathfu
nctions.base.code.tex)
(C:/Users/anfalear/AppData/Local/Programs/MiKTeX/tex/generic/pgf/math/pgfmathfu
nctions.round.code.tex)
(C:/Users/anfalear/AppData/Local/Programs/MiKTeX/tex/generic/pgf/math/pgfmathfu
nctions.misc.code.tex)
(C:/Users/anfalear/AppData/Local/Programs/MiKTeX/tex/generic/pgf/math/pgfmathfu
nctions.integerarithmetics.code.tex)
(C:/Users/anfalear/AppData/Local/Programs/MiKTeX/tex/generic/pgf/math/pgfmathca
lc.code.tex)
(C:/Users/anfalear/AppData/Local/Programs/MiKTeX/tex/generic/pgf/math/pgfmathfl
oat.code.tex
\c@pgfmathroundto@lastzeros=\count355
))
(C:/Users/anfalear/AppData/Local/Programs/MiKTeX/tex/generic/pgf/math/pgfint.co
de.tex)
(C:/Users/anfalear/AppData/Local/Programs/MiKTeX/tex/generic/pgf/basiclayer/pgf
corepoints.code.tex
File: pgfcorepoints.code.tex 2023-01-15 v3.1.10 (3.1.10)
\pgf@picminx=\dimen291
\pgf@picmaxx=\dimen292
\pgf@picminy=\dimen293
\pgf@picmaxy=\dimen294
\pgf@pathminx=\dimen295
\pgf@pathmaxx=\dimen296
\pgf@pathminy=\dimen297
\pgf@pathmaxy=\dimen298
\pgf@xx=\dimen299
\pgf@xy=\dimen300
\pgf@yx=\dimen301
\pgf@yy=\dimen302
\pgf@zx=\dimen303
\pgf@zy=\dimen304
)
(C:/Users/anfalear/AppData/Local/Programs/MiKTeX/tex/generic/pgf/basiclayer/pgf
corepathconstruct.code.tex
File: pgfcorepathconstruct.code.tex 2023-01-15 v3.1.10 (3.1.10)
\pgf@path@lastx=\dimen305
\pgf@path@lasty=\dimen306
)
(C:/Users/anfalear/AppData/Local/Programs/MiKTeX/tex/generic/pgf/basiclayer/pgf
corepathusage.code.tex
File: pgfcorepathusage.code.tex 2023-01-15 v3.1.10 (3.1.10)
\pgf@shorten@end@additional=\dimen307
\pgf@shorten@start@additional=\dimen308
)
(C:/Users/anfalear/AppData/Local/Programs/MiKTeX/tex/generic/pgf/basiclayer/pgf
corescopes.code.tex
File: pgfcorescopes.code.tex 2023-01-15 v3.1.10 (3.1.10)
\pgfpic=\box117
\pgf@hbox=\box118
\pgf@layerbox@main=\box119
\pgf@picture@serial@count=\count356
)
(C:/Users/anfalear/AppData/Local/Programs/MiKTeX/tex/generic/pgf/basiclayer/pgf
coregraphicstate.code.tex
File: pgfcoregraphicstate.code.tex 2023-01-15 v3.1.10 (3.1.10)
\pgflinewidth=\dimen309
)
(C:/Users/anfalear/AppData/Local/Programs/MiKTeX/tex/generic/pgf/basiclayer/pgf
coretransformations.code.tex
File: pgfcoretransformations.code.tex 2023-01-15 v3.1.10 (3.1.10)
\pgf@pt@x=\dimen310
\pgf@pt@y=\dimen311
\pgf@pt@temp=\dimen312
)
(C:/Users/anfalear/AppData/Local/Programs/MiKTeX/tex/generic/pgf/basiclayer/pgf
corequick.code.tex
File: pgfcorequick.code.tex 2023-01-15 v3.1.10 (3.1.10)
)
(C:/Users/anfalear/AppData/Local/Programs/MiKTeX/tex/generic/pgf/basiclayer/pgf
coreobjects.code.tex
File: pgfcoreobjects.code.tex 2023-01-15 v3.1.10 (3.1.10)
)
(C:/Users/anfalear/AppData/Local/Programs/MiKTeX/tex/generic/pgf/basiclayer/pgf
corepathprocessing.code.tex
File: pgfcorepathprocessing.code.tex 2023-01-15 v3.1.10 (3.1.10)
)
(C:/Users/anfalear/AppData/Local/Programs/MiKTeX/tex/generic/pgf/basiclayer/pgf
corearrows.code.tex
File: pgfcorearrows.code.tex 2023-01-15 v3.1.10 (3.1.10)
\pgfarrowsep=\dimen313
)
(C:/Users/anfalear/AppData/Local/Programs/MiKTeX/tex/generic/pgf/basiclayer/pgf
coreshade.code.tex
File: pgfcoreshade.code.tex 2023-01-15 v3.1.10 (3.1.10)
\pgf@max=\dimen314
\pgf@sys@shading@range@num=\count357
\pgf@shadingcount=\count358
)
(C:/Users/anfalear/AppData/Local/Programs/MiKTeX/tex/generic/pgf/basiclayer/pgf
coreimage.code.tex
File: pgfcoreimage.code.tex 2023-01-15 v3.1.10 (3.1.10)
)
(C:/Users/anfalear/AppData/Local/Programs/MiKTeX/tex/generic/pgf/basiclayer/pgf
coreexternal.code.tex
File: pgfcoreexternal.code.tex 2023-01-15 v3.1.10 (3.1.10)
\pgfexternal@startupbox=\box120
)
(C:/Users/anfalear/AppData/Local/Programs/MiKTeX/tex/generic/pgf/basiclayer/pgf
corelayers.code.tex
File: pgfcorelayers.code.tex 2023-01-15 v3.1.10 (3.1.10)
)
(C:/Users/anfalear/AppData/Local/Programs/MiKTeX/tex/generic/pgf/basiclayer/pgf
coretransparency.code.tex
File: pgfcoretransparency.code.tex 2023-01-15 v3.1.10 (3.1.10)
)
(C:/Users/anfalear/AppData/Local/Programs/MiKTeX/tex/generic/pgf/basiclayer/pgf
corepatterns.code.tex
File: pgfcorepatterns.code.tex 2023-01-15 v3.1.10 (3.1.10)
)
(C:/Users/anfalear/AppData/Local/Programs/MiKTeX/tex/generic/pgf/basiclayer/pgf
corerdf.code.tex
File: pgfcorerdf.code.tex 2023-01-15 v3.1.10 (3.1.10)
)))
(C:/Users/anfalear/AppData/Local/Programs/MiKTeX/tex/generic/pgf/modules/pgfmod
uleshapes.code.tex
File: pgfmoduleshapes.code.tex 2023-01-15 v3.1.10 (3.1.10)
\pgfnodeparttextbox=\box121
)
(C:/Users/anfalear/AppData/Local/Programs/MiKTeX/tex/generic/pgf/modules/pgfmod
uleplot.code.tex
File: pgfmoduleplot.code.tex 2023-01-15 v3.1.10 (3.1.10)
)
(C:/Users/anfalear/AppData/Local/Programs/MiKTeX/tex/latex/pgf/compatibility/pg
fcomp-version-0-65.sty
Package: pgfcomp-version-0-65 2023-01-15 v3.1.10 (3.1.10)
\pgf@nodesepstart=\dimen315
\pgf@nodesepend=\dimen316
)
(C:/Users/anfalear/AppData/Local/Programs/MiKTeX/tex/latex/pgf/compatibility/pg
fcomp-version-1-18.sty
Package: pgfcomp-version-1-18 2023-01-15 v3.1.10 (3.1.10)
))
(C:/Users/anfalear/AppData/Local/Programs/MiKTeX/tex/latex/pgf/frontendlayer/ti
kz.sty
(C:/Users/anfalear/AppData/Local/Programs/MiKTeX/tex/latex/pgf/utilities/pgffor
.sty
(C:/Users/anfalear/AppData/Local/Programs/MiKTeX/tex/latex/pgf/utilities/pgfkey
s.sty
(C:/Users/anfalear/AppData/Local/Programs/MiKTeX/tex/generic/pgf/utilities/pgfk
eys.code.tex))
(C:/Users/anfalear/AppData/Local/Programs/MiKTeX/tex/latex/pgf/math/pgfmath.sty

(C:/Users/anfalear/AppData/Local/Programs/MiKTeX/tex/generic/pgf/math/pgfmath.c
ode.tex))
(C:/Users/anfalear/AppData/Local/Programs/MiKTeX/tex/generic/pgf/utilities/pgff
or.code.tex
Package: pgffor 2023-01-15 v3.1.10 (3.1.10)
\pgffor@iter=\dimen317
\pgffor@skip=\dimen318
\pgffor@stack=\toks55
\pgffor@toks=\toks56
))
(C:/Users/anfalear/AppData/Local/Programs/MiKTeX/tex/generic/pgf/frontendlayer/
tikz/tikz.code.tex
Package: tikz 2023-01-15 v3.1.10 (3.1.10)

(C:/Users/anfalear/AppData/Local/Programs/MiKTeX/tex/generic/pgf/libraries/pgfl
ibraryplothandlers.code.tex
File: pgflibraryplothandlers.code.tex 2023-01-15 v3.1.10 (3.1.10)
\pgf@plot@mark@count=\count359
\pgfplotmarksize=\dimen319
)
\tikz@lastx=\dimen320
\tikz@lasty=\dimen321
\tikz@lastxsaved=\dimen322
\tikz@lastysaved=\dimen323
\tikz@lastmovetox=\dimen324
\tikz@lastmovetoy=\dimen325
\tikzleveldistance=\dimen326
\tikzsiblingdistance=\dimen327
\tikz@figbox=\box122
\tikz@figbox@bg=\box123
\tikz@tempbox=\box124
\tikz@tempbox@bg=\box125
\tikztreelevel=\count360
\tikznumberofchildren=\count361
\tikznumberofcurrentchild=\count362
\tikz@fig@count=\count363

(C:/Users/anfalear/AppData/Local/Programs/MiKTeX/tex/generic/pgf/modules/pgfmod
ulematrix.code.tex
File: pgfmodulematrix.code.tex 2023-01-15 v3.1.10 (3.1.10)
\pgfmatrixcurrentrow=\count364
\pgfmatrixcurrentcolumn=\count365
\pgf@matrix@numberofcolumns=\count366
)
\tikz@expandcount=\count367

(C:/Users/anfalear/AppData/Local/Programs/MiKTeX/tex/generic/pgf/frontendlayer/
tikz/libraries/tikzlibrarytopaths.code.tex
File: tikzlibrarytopaths.code.tex 2023-01-15 v3.1.10 (3.1.10)
)))
(C:/Users/anfalear/AppData/Local/Programs/MiKTeX/tex/latex/pgfplots/pgfplots.st
y
(C:/Users/anfalear/AppData/Local/Programs/MiKTeX/tex/generic/pgfplots/pgfplots.
revision.tex)
Package: pgfplots 2021/05/15 v1.18.1 Data Visualization (1.18.1)

(C:/Users/anfalear/AppData/Local/Programs/MiKTeX/tex/generic/pgfplots/pgfplots.
code.tex
(C:/Users/anfalear/AppData/Local/Programs/MiKTeX/tex/generic/pgfplots/pgfplotsc
ore.code.tex
Package pgfplots info on input line 124: Initializing with LUA version Lua 5.3
\pgfplots@luabackend@table=\catcodetable16
\t@pgfplots@toka=\toks57
\t@pgfplots@tokb=\toks58
\t@pgfplots@tokc=\toks59
\pgfplots@tmpa=\dimen328
\c@pgfplots@coordindex=\count368
\c@pgfplots@scanlineindex=\count369

(C:/Users/anfalear/AppData/Local/Programs/MiKTeX/tex/generic/pgfplots/sys/pgfpl
otssysgeneric.code.tex))
(C:/Users/anfalear/AppData/Local/Programs/MiKTeX/tex/generic/pgfplots/libs/pgfp
lotslibrary.code.tex)
(C:/Users/anfalear/AppData/Local/Programs/MiKTeX/tex/generic/pgfplots/oldpgfcom
patib/pgfplotsoldpgfsupp_loader.code.tex
(C:/Users/anfalear/AppData/Local/Programs/MiKTeX/tex/generic/pgf/libraries/pgfl
ibraryfpu.code.tex)
Package pgfplots: loading complementary utilities for your pgf version...
\t@pgf@toka=\toks60
\t@pgf@tokb=\toks61
\t@pgf@tokc=\toks62

(C:/Users/anfalear/AppData/Local/Programs/MiKTeX/tex/generic/pgfplots/oldpgfcom
patib/pgfplotsoldpgfsupp_pgfutil-common-lists.tex)
(C:/Users/anfalear/AppData/Local/Programs/MiKTeX/tex/generic/pgf/libraries/luam
ath/pgflibraryluamath.code.tex)
Package pgfplots info on input line 290: luamath library shipped with pgf 3.1.1
0 is up-to-date
)
(C:/Users/anfalear/AppData/Local/Programs/MiKTeX/tex/generic/pgfplots/util/pgfp
lotsutil.code.tex
Package pgfplots info on input line 82: Found new luatex: initializing lua comm
ands instead of write18 (shell-escape)

(C:/Users/anfalear/AppData/Local/Programs/MiKTeX/tex/generic/pgfplots/liststruc
ture/pgfplotsliststructure.code.tex)
(C:/Users/anfalear/AppData/Local/Programs/MiKTeX/tex/generic/pgfplots/liststruc
ture/pgfplotsliststructureext.code.tex)
(C:/Users/anfalear/AppData/Local/Programs/MiKTeX/tex/generic/pgfplots/liststruc
ture/pgfplotsarray.code.tex
\c@pgfplotsarray@tmp=\count370
)
(C:/Users/anfalear/AppData/Local/Programs/MiKTeX/tex/generic/pgfplots/liststruc
ture/pgfplotsmatrix.code.tex)
(C:/Users/anfalear/AppData/Local/Programs/MiKTeX/tex/generic/pgfplots/numtable/
pgfplotstableshared.code.tex
\c@pgfplotstable@counta=\count371
\t@pgfplotstable@a=\toks63
)
(C:/Users/anfalear/AppData/Local/Programs/MiKTeX/tex/generic/pgfplots/liststruc
ture/pgfplotsdeque.code.tex)
(C:/Users/anfalear/AppData/Local/Programs/MiKTeX/tex/generic/pgfplots/util/pgfp
lotsbinary.code.tex
(C:/Users/anfalear/AppData/Local/Programs/MiKTeX/tex/generic/pgfplots/util/pgfp
lotsbinary.data.code.tex))
(C:/Users/anfalear/AppData/Local/Programs/MiKTeX/tex/generic/pgfplots/util/pgfp
lotsutil.verb.code.tex)
(C:/Users/anfalear/AppData/Local/Programs/MiKTeX/tex/generic/pgfplots/libs/pgfl
ibrarypgfplots.surfshading.code.tex
\c@pgfplotslibrarysurf@no=\count372

(C:/Users/anfalear/AppData/Local/Programs/MiKTeX/tex/generic/pgfplots/sys/pgfli
brarypgfplots.surfshading.pgfsys-luatex.def)))
(C:/Users/anfalear/AppData/Local/Programs/MiKTeX/tex/generic/pgfplots/util/pgfp
lotscolormap.code.tex
(C:/Users/anfalear/AppData/Local/Programs/MiKTeX/tex/generic/pgfplots/util/pgfp
lotscolor.code.tex))
(C:/Users/anfalear/AppData/Local/Programs/MiKTeX/tex/generic/pgfplots/pgfplotss
tackedplots.code.tex)
(C:/Users/anfalear/AppData/Local/Programs/MiKTeX/tex/generic/pgfplots/pgfplotsp
lothandlers.code.tex
(C:/Users/anfalear/AppData/Local/Programs/MiKTeX/tex/generic/pgfplots/pgfplotsm
eshplothandler.code.tex
(C:/Users/anfalear/AppData/Local/Programs/MiKTeX/tex/generic/pgfplots/pgfplotsm
eshplotimage.code.tex)))
(C:/Users/anfalear/AppData/Local/Programs/MiKTeX/tex/generic/pgfplots/pgfplots.
scaling.code.tex)
(C:/Users/anfalear/AppData/Local/Programs/MiKTeX/tex/generic/pgfplots/pgfplotsc
oordprocessing.code.tex)
(C:/Users/anfalear/AppData/Local/Programs/MiKTeX/tex/generic/pgfplots/pgfplots.
errorbars.code.tex)
(C:/Users/anfalear/AppData/Local/Programs/MiKTeX/tex/generic/pgfplots/pgfplots.
markers.code.tex)
(C:/Users/anfalear/AppData/Local/Programs/MiKTeX/tex/generic/pgfplots/pgfplotst
icks.code.tex)
(C:/Users/anfalear/AppData/Local/Programs/MiKTeX/tex/generic/pgfplots/pgfplots.
paths.code.tex)
(C:/Users/anfalear/AppData/Local/Programs/MiKTeX/tex/generic/pgf/frontendlayer/
tikz/libraries/tikzlibrarydecorations.code.tex
(C:/Users/anfalear/AppData/Local/Programs/MiKTeX/tex/generic/pgf/modules/pgfmod
uledecorations.code.tex
\pgfdecoratedcompleteddistance=\dimen329
\pgfdecoratedremainingdistance=\dimen330
\pgfdecoratedinputsegmentcompleteddistance=\dimen331
\pgfdecoratedinputsegmentremainingdistance=\dimen332
\pgf@decorate@distancetomove=\dimen333
\pgf@decorate@repeatstate=\count373
\pgfdecorationsegmentamplitude=\dimen334
\pgfdecorationsegmentlength=\dimen335
)
\tikz@lib@dec@box=\box126
)
(C:/Users/anfalear/AppData/Local/Programs/MiKTeX/tex/generic/pgf/frontendlayer/
tikz/libraries/tikzlibrarydecorations.pathmorphing.code.tex
(C:/Users/anfalear/AppData/Local/Programs/MiKTeX/tex/generic/pgf/libraries/deco
rations/pgflibrarydecorations.pathmorphing.code.tex))
(C:/Users/anfalear/AppData/Local/Programs/MiKTeX/tex/generic/pgf/frontendlayer/
tikz/libraries/tikzlibrarydecorations.pathreplacing.code.tex
(C:/Users/anfalear/AppData/Local/Programs/MiKTeX/tex/generic/pgf/libraries/deco
rations/pgflibrarydecorations.pathreplacing.code.tex))
(C:/Users/anfalear/AppData/Local/Programs/MiKTeX/tex/generic/pgfplots/libs/tikz
librarypgfplots.contourlua.code.tex)
\pgfplots@numplots=\count374
\pgfplots@xmin@reg=\dimen336
\pgfplots@xmax@reg=\dimen337
\pgfplots@ymin@reg=\dimen338
\pgfplots@ymax@reg=\dimen339
\pgfplots@zmin@reg=\dimen340
\pgfplots@zmax@reg=\dimen341
)
(C:/Users/anfalear/AppData/Local/Programs/MiKTeX/tex/generic/pgf/frontendlayer/
tikz/libraries/tikzlibraryplotmarks.code.tex
File: tikzlibraryplotmarks.code.tex 2023-01-15 v3.1.10 (3.1.10)

(C:/Users/anfalear/AppData/Local/Programs/MiKTeX/tex/generic/pgf/libraries/pgfl
ibraryplotmarks.code.tex
File: pgflibraryplotmarks.code.tex 2023-01-15 v3.1.10 (3.1.10)
)))
(C:/Users/anfalear/AppData/Local/Programs/MiKTeX/tex/latex/tikz-3dplot/tikz-3dp
lot.sty
(C:/Users/anfalear/AppData/Local/Programs/MiKTeX/tex/generic/pgf/frontendlayer/
tikz/libraries/tikzlibrarycalc.code.tex
File: tikzlibrarycalc.code.tex 2023-01-15 v3.1.10 (3.1.10)
)
(C:/Users/anfalear/AppData/Local/Programs/MiKTeX/tex/generic/pgf/frontendlayer/
tikz/libraries/tikzlibrary3d.code.tex
File: tikzlibrary3d.code.tex 2023-01-15 v3.1.10 (3.1.10)
)
(C:/Users/anfalear/AppData/Local/Programs/MiKTeX/tex/generic/pgf/frontendlayer/
tikz/libraries/tikzlibraryarrows.code.tex
File: tikzlibraryarrows.code.tex 2023-01-15 v3.1.10 (3.1.10)

(C:/Users/anfalear/AppData/Local/Programs/MiKTeX/tex/generic/pgf/libraries/pgfl
ibraryarrows.code.tex
File: pgflibraryarrows.code.tex 2023-01-15 v3.1.10 (3.1.10)
\arrowsize=\dimen342
)))
(C:/Users/anfalear/AppData/Local/Programs/MiKTeX/tex/generic/pgf/frontendlayer/
tikz/libraries/tikzlibrarydecorations.markings.code.tex
(C:/Users/anfalear/AppData/Local/Programs/MiKTeX/tex/generic/pgf/libraries/deco
rations/pgflibrarydecorations.markings.code.tex))
(C:/Users/anfalear/AppData/Local/Programs/MiKTeX/tex/generic/pgf/frontendlayer/
tikz/libraries/tikzlibrarybabel.code.tex
File: tikzlibrarybabel.code.tex 2023-01-15 v3.1.10 (3.1.10)
)
(C:/Users/anfalear/AppData/Local/Programs/MiKTeX/tex/generic/pgf/frontendlayer/
tikz/libraries/tikzlibrarybackgrounds.code.tex
File: tikzlibrarybackgrounds.code.tex 2023-01-15 v3.1.10 (3.1.10)
\pgf@layerbox@background=\box127
\pgf@layerboxsaved@background=\box128
)
(C:/Users/anfalear/AppData/Local/Programs/MiKTeX/tex/generic/pgf/frontendlayer/
tikz/libraries/tikzlibraryintersections.code.tex
(C:/Users/anfalear/AppData/Local/Programs/MiKTeX/tex/generic/pgf/libraries/pgfl
ibraryintersections.code.tex
\pgf@intersect@solutions=\count375
))
(C:/Users/anfalear/AppData/Local/Programs/MiKTeX/tex/generic/pgf/frontendlayer/
tikz/libraries/tikzlibrarypositioning.code.tex
File: tikzlibrarypositioning.code.tex 2023-01-15 v3.1.10 (3.1.10)
)
(C:/Users/anfalear/AppData/Local/Programs/MiKTeX/tex/generic/pgf/frontendlayer/
tikz/libraries/graphs/tikzlibrarygraphs.code.tex
File: tikzlibrarygraphs.code.tex 2023-01-15 v3.1.10 (3.1.10)
\tikz@lib@auto@number=\count376
\tikz@qnode@count=\count377
)
(C:/Users/anfalear/AppData/Local/Programs/MiKTeX/tex/generic/pgf/graphdrawing/t
ex/tikzlibrarygraphdrawing.code.tex
File: tikzlibrarygraphdrawing.code.tex 2023-01-15 v3.1.10 (3.1.10)

(C:/Users/anfalear/AppData/Local/Programs/MiKTeX/tex/generic/pgf/graphdrawing/t
ex/pgflibrarygraphdrawing.code.tex
File: pgflibrarygraphdrawing.code.tex 2023-01-15 v3.1.10 (3.1.10)
\pgf@gd@parameter@stack@height=\count378
\pgf@gd@node@box=\box129
\pgf@gd@edge@box=\box130
\pgf@gd@prekind@box=\box131
\pgf@gd@postkind@box=\box132
))
(C:/Users/anfalear/AppData/Local/Programs/MiKTeX/tex/generic/pgf/frontendlayer/
tikz/libraries/tikzlibrarymatrix.code.tex
File: tikzlibrarymatrix.code.tex 2023-01-15 v3.1.10 (3.1.10)
)
(C:/Users/anfalear/AppData/Local/Programs/MiKTeX/tex/generic/pgf/frontendlayer/
tikz/libraries/tikzlibrarypatterns.code.tex
File: tikzlibrarypatterns.code.tex 2023-01-15 v3.1.10 (3.1.10)

(C:/Users/anfalear/AppData/Local/Programs/MiKTeX/tex/generic/pgf/libraries/pgfl
ibrarypatterns.code.tex
File: pgflibrarypatterns.code.tex 2023-01-15 v3.1.10 (3.1.10)
))
(C:/Users/anfalear/AppData/Local/Programs/MiKTeX/tex/generic/pgf/frontendlayer/
tikz/libraries/tikzlibraryangles.code.tex
File: tikzlibraryangles.code.tex 2023-01-15 v3.1.10 (3.1.10)
)
(C:/Users/anfalear/AppData/Local/Programs/MiKTeX/tex/generic/pgf/frontendlayer/
tikz/libraries/tikzlibraryquotes.code.tex
File: tikzlibraryquotes.code.tex 2023-01-15 v3.1.10 (3.1.10)
)
(C:/Users/anfalear/AppData/Local/Programs/MiKTeX/tex/generic/pgfplots/libs/tikz
librarypgfplots.fillbetween.code.tex
(C:/Users/anfalear/AppData/Local/Programs/MiKTeX/tex/generic/pgfplots/pgfcontri
b/tikzlibraryfillbetween.code.tex
(C:/Users/anfalear/AppData/Local/Programs/MiKTeX/tex/generic/pgfplots/pgfcontri
b/tikzlibrarydecorations.softclip.code.tex
(C:/Users/anfalear/AppData/Local/Programs/MiKTeX/tex/generic/pgfplots/pgfcontri
b/pgflibraryfillbetween.code.tex)))
(C:/Users/anfalear/AppData/Local/Programs/MiKTeX/tex/generic/pgfplots/libs/tikz
librarypgfplots.decorations.softclip.code.tex))
(C:/Users/anfalear/AppData/Local/Programs/MiKTeX/tex/latex/circuitikz/circuitik
z.sty
Package: circuitikz 2025/06/15{} The CircuiTikz circuit drawing package version
 1.8.1

(C:/Users/anfalear/AppData/Local/Programs/MiKTeX/tex/generic/pgf/libraries/pgfl
ibraryarrows.meta.code.tex
File: pgflibraryarrows.meta.code.tex 2023-01-15 v3.1.10 (3.1.10)
\pgfarrowinset=\dimen343
\pgfarrowlength=\dimen344
\pgfarrowwidth=\dimen345
\pgfarrowlinewidth=\dimen346
)
(C:/Users/anfalear/AppData/Local/Programs/MiKTeX/tex/generic/pgf/frontendlayer/
tikz/libraries/tikzlibrarybending.code.tex
File: tikzlibrarybending.code.tex 2023-01-15 v3.1.10 (3.1.10)

(C:/Users/anfalear/AppData/Local/Programs/MiKTeX/tex/generic/pgf/modules/pgfmod
ulebending.code.tex
File: pgfmodulebending.code.tex 2023-01-15 v3.1.10 (3.1.10)

(C:/Users/anfalear/AppData/Local/Programs/MiKTeX/tex/generic/pgf/modules/pgfmod
ulenonlineartransformations.code.tex
File: pgfmodulenonlineartransformations.code.tex 2023-01-15 v3.1.10 (3.1.10)
\pgftransformnonlinearflatness=\dimen347
)
(C:/Users/anfalear/AppData/Local/Programs/MiKTeX/tex/generic/pgf/libraries/pgfl
ibrarycurvilinear.code.tex
File: pgflibrarycurvilinear.code.tex 2023-01-15 v3.1.10 (3.1.10)
\pgf@curvilinear@time@a=\dimen348
\pgf@curvilinear@length@a=\dimen349
\pgf@curvilinear@length@b=\dimen350
\pgf@curvilinear@length@c=\dimen351
\pgf@curvilinear@length@d=\dimen352
)
\pgf@arrows@the@rigidity=\dimen353
))
(C:/Users/anfalear/AppData/Local/Programs/MiKTeX/tex/generic/pgf/frontendlayer/
tikz/libraries/tikzlibraryfpu.code.tex)
(C:/Users/anfalear/AppData/Local/Programs/MiKTeX/tex/generic/circuitikz/pgfcirc
.defines.tex
\pgf@circ@count@a=\count379
\pgf@circ@count@b=\count380
\pgf@circ@count@c=\count381
\pgf@circ@res@up=\dimen354
\pgf@circ@res@down=\dimen355
\pgf@circ@res@zero=\dimen356
\pgf@circ@res@left=\dimen357
\pgf@circ@res@right=\dimen358
\pgf@circ@res@other=\dimen359
\pgf@circ@res@step=\dimen360
\pgf@circ@res@temp=\dimen361
\pgf@circ@Rlen=\dimen362
\pgf@circ@scaled@Rlen=\dimen363
\pgfstartlinewidth=\dimen364
)
(C:/Users/anfalear/AppData/Local/Programs/MiKTeX/tex/generic/circuitikz/pgfcirc
utils.tex
\ctikz@scratchbox=\box133
)
(C:/Users/anfalear/AppData/Local/Programs/MiKTeX/tex/generic/circuitikz/pgfcirc
path.tex)
(C:/Users/anfalear/AppData/Local/Programs/MiKTeX/tex/generic/circuitikz/pgfcirc
shapes.tex)
(C:/Users/anfalear/AppData/Local/Programs/MiKTeX/tex/generic/circuitikz/pgfcirc
monopoles.tex)
(C:/Users/anfalear/AppData/Local/Programs/MiKTeX/tex/generic/circuitikz/pgfcirc
bipoles.tex)
(C:/Users/anfalear/AppData/Local/Programs/MiKTeX/tex/generic/circuitikz/pgfcirc
tripoles.tex
\pgf@circ@res@count=\count382
)
(C:/Users/anfalear/AppData/Local/Programs/MiKTeX/tex/generic/circuitikz/pgfcirc
quadpoles.tex)
(C:/Users/anfalear/AppData/Local/Programs/MiKTeX/tex/generic/circuitikz/pgfcirc
multipoles.tex)
(C:/Users/anfalear/AppData/Local/Programs/MiKTeX/tex/generic/circuitikz/pgfcirc
label.tex)
(C:/Users/anfalear/AppData/Local/Programs/MiKTeX/tex/generic/circuitikz/pgfcirc
voltage.tex
\pgfcirc@labelshift=\dimen365
)
(C:/Users/anfalear/AppData/Local/Programs/MiKTeX/tex/generic/circuitikz/pgfcirc
current.tex)
(C:/Users/anfalear/AppData/Local/Programs/MiKTeX/tex/generic/circuitikz/pgfcirc
flow.tex))
(C:/Users/anfalear/AppData/Local/Programs/MiKTeX/tex/latex/tools/enumerate.sty
Package: enumerate 2023/07/04 v3.00 enumerate extensions (DPC)
\@enLab=\toks64
)
(C:/Users/anfalear/AppData/Local/Programs/MiKTeX/tex/latex/setspace/setspace.st
y
Package: setspace 2022/12/04 v6.7b set line spacing
)
(C:/Users/anfalear/AppData/Local/Programs/MiKTeX/tex/latex/fancybox/fancybox.st
y
Package: fancybox 2010/05/15 1.4

Style option: `fancybox' v1.4 <2010/05/15> (tvz)
\@fancybox=\box134
\shadowsize=\dimen366
\@Sbox=\box135
\do@VerbBox=\toks65
\the@fancyput=\toks66
\this@fancyput=\toks67
\EndVerbatimTokens=\toks68
\Verbatim@Outfile=\write5
\Verbatim@Infile=\read4
)
(C:/Users/anfalear/AppData/Local/Programs/MiKTeX/tex/latex/parskip/parskip.sty
Package: parskip 2021-03-14 v2.0h non-zero parskip adjustments

(C:/Users/anfalear/AppData/Local/Programs/MiKTeX/tex/latex/kvoptions/kvoptions.
sty
Package: kvoptions 2022-06-15 v3.15 Key value format for package options (HO)

(C:/Users/anfalear/AppData/Local/Programs/MiKTeX/tex/generic/ltxcmds/ltxcmds.st
y
Package: ltxcmds 2023-12-04 v1.26 LaTeX kernel commands for general use (HO)
)
(C:/Users/anfalear/AppData/Local/Programs/MiKTeX/tex/latex/kvsetkeys/kvsetkeys.
sty
Package: kvsetkeys 2022-10-05 v1.19 Key value parser (HO)
))
(C:/Users/anfalear/AppData/Local/Programs/MiKTeX/tex/latex/etoolbox/etoolbox.st
y
Package: etoolbox 2025/02/11 v2.5l e-TeX tools for LaTeX (JAW)
\etb@tempcnta=\count383
))
(C:/Users/anfalear/AppData/Local/Programs/MiKTeX/tex/latex/changepage/changepag
e.sty
Package: changepage 2009/10/20 v1.0c check page and change page layout
\c@cp@cntr=\count384
\cp@tempcnt=\count385
)
(C:/Users/anfalear/AppData/Local/Programs/MiKTeX/tex/latex/hyperref/hyperref.st
y
Package: hyperref 2025-06-21 v7.01n Hypertext links for LaTeX

(C:/Users/anfalear/AppData/Local/Programs/MiKTeX/tex/generic/kvdefinekeys/kvdef
inekeys.sty
Package: kvdefinekeys 2019-12-19 v1.6 Define keys (HO)
)
(C:/Users/anfalear/AppData/Local/Programs/MiKTeX/tex/generic/pdfescape/pdfescap
e.sty
Package: pdfescape 2019/12/09 v1.15 Implements pdfTeX's escape features (HO)

(C:/Users/anfalear/AppData/Local/Programs/MiKTeX/tex/generic/pdftexcmds/pdftexc
mds.sty
Package: pdftexcmds 2020-06-27 v0.33 Utility functions of pdfTeX for LuaTeX (HO
)

(C:/Users/anfalear/AppData/Local/Programs/MiKTeX/tex/generic/infwarerr/infwarer
r.sty
Package: infwarerr 2019/12/03 v1.5 Providing info/warning/error messages (HO)
)
Package pdftexcmds Info: \pdf@primitive is available.
Package pdftexcmds Info: \pdf@ifprimitive is available.
Package pdftexcmds Info: \pdfdraftmode found.
\pdftexcmds@toks=\toks69
))
(C:/Users/anfalear/AppData/Local/Programs/MiKTeX/tex/latex/hycolor/hycolor.sty
Package: hycolor 2020-01-27 v1.10 Color options for hyperref/bookmark (HO)
)
(C:/Users/anfalear/AppData/Local/Programs/MiKTeX/tex/latex/hyperref/nameref.sty
Package: nameref 2025-06-21 v2.57 Cross-referencing by name of section

(C:/Users/anfalear/AppData/Local/Programs/MiKTeX/tex/latex/refcount/refcount.st
y
Package: refcount 2019/12/15 v3.6 Data extraction from label references (HO)
)
(C:/Users/anfalear/AppData/Local/Programs/MiKTeX/tex/generic/gettitlestring/get
titlestring.sty
Package: gettitlestring 2019/12/15 v1.6 Cleanup title references (HO)
)
\c@section@level=\count386
)
(C:/Users/anfalear/AppData/Local/Programs/MiKTeX/tex/generic/stringenc/stringen
c.sty
Package: stringenc 2019/11/29 v1.12 Convert strings between diff. encodings (HO
)
)
\@linkdim=\dimen367
\Hy@linkcounter=\count387
\Hy@pagecounter=\count388

(C:/Users/anfalear/AppData/Local/Programs/MiKTeX/tex/latex/hyperref/pd1enc.def
File: pd1enc.def 2025-06-21 v7.01n Hyperref: PDFDocEncoding definition (HO)
)
(C:/Users/anfalear/AppData/Local/Programs/MiKTeX/tex/generic/intcalc/intcalc.st
y
Package: intcalc 2019/12/15 v1.3 Expandable calculations with integers (HO)
)
\Hy@SavedSpaceFactor=\count389

(C:/Users/anfalear/AppData/Local/Programs/MiKTeX/tex/latex/hyperref/puenc.def
File: puenc.def 2025-06-21 v7.01n Hyperref: PDF Unicode definition (HO)
)
Package hyperref Info: Hyper figures OFF on input line 4181.
Package hyperref Info: Link nesting OFF on input line 4186.
Package hyperref Info: Hyper index ON on input line 4189.
Package hyperref Info: Plain pages OFF on input line 4196.
Package hyperref Info: Backreferencing OFF on input line 4201.
Package hyperref Info: Implicit mode ON; LaTeX internals redefined.
Package hyperref Info: Bookmarks ON on input line 4448.
\c@Hy@tempcnt=\count390

(C:/Users/anfalear/AppData/Local/Programs/MiKTeX/tex/latex/url/url.sty
\Urlmuskip=\muskip18
Package: url 2013/09/16  ver 3.4  Verb mode for urls, etc.
)
LaTeX Info: Redefining \url on input line 4787.
\XeTeXLinkMargin=\dimen368

(C:/Users/anfalear/AppData/Local/Programs/MiKTeX/tex/generic/bitset/bitset.sty
Package: bitset 2019/12/09 v1.3 Handle bit-vector datatype (HO)

(C:/Users/anfalear/AppData/Local/Programs/MiKTeX/tex/generic/bigintcalc/bigintc
alc.sty
Package: bigintcalc 2019/12/15 v1.5 Expandable calculations on big integers (HO
)
))
\Fld@menulength=\count391
\Field@Width=\dimen369
\Fld@charsize=\dimen370
Package hyperref Info: Hyper figures OFF on input line 6066.
Package hyperref Info: Link nesting OFF on input line 6071.
Package hyperref Info: Hyper index ON on input line 6074.
Package hyperref Info: backreferencing OFF on input line 6081.
Package hyperref Info: Link coloring OFF on input line 6086.
Package hyperref Info: Link coloring with OCG OFF on input line 6091.
Package hyperref Info: PDF/A mode OFF on input line 6096.
\Hy@abspage=\count392
\c@Item=\count393
\c@Hfootnote=\count394
)
Package hyperref Info: Driver (autodetected): hluatex.

(C:/Users/anfalear/AppData/Local/Programs/MiKTeX/tex/latex/hyperref/hluatex.def
File: hluatex.def 2025-06-21 v7.01n Hyperref driver for luaTeX
\Fld@listcount=\count395
\c@bookmark@seq@number=\count396

(C:/Users/anfalear/AppData/Local/Programs/MiKTeX/tex/latex/rerunfilecheck/rerun
filecheck.sty
Package: rerunfilecheck 2025-06-21 v1.11 Rerun checks for auxiliary files (HO)

(C:/Users/anfalear/AppData/Local/Programs/MiKTeX/tex/generic/uniquecounter/uniq
uecounter.sty
Package: uniquecounter 2019/12/15 v1.4 Provide unlimited unique counter (HO)
)
Package uniquecounter Info: New unique counter `rerunfilecheck' on input line 2
84.
)
\Hy@SectionHShift=\skip68
)
(C:/Users/anfalear/AppData/Local/Programs/MiKTeX/tex/latex/listings/listings.st
y
\lst@mode=\count397
\lst@gtempboxa=\box136
\lst@token=\toks70
\lst@length=\count398
\lst@currlwidth=\dimen371
\lst@column=\count399
\lst@pos=\count400
\lst@lostspace=\dimen372
\lst@width=\dimen373
\lst@newlines=\count401
\lst@lineno=\count402
\lst@maxwidth=\dimen374

(C:/Users/anfalear/AppData/Local/Programs/MiKTeX/tex/latex/listings/lstpatch.st
y
File: lstpatch.sty 2024/09/23 1.10c (Carsten Heinz)
)
(C:/Users/anfalear/AppData/Local/Programs/MiKTeX/tex/latex/listings/lstmisc.sty
File: lstmisc.sty 2024/09/23 1.10c (Carsten Heinz)
\c@lstnumber=\count403
\lst@skipnumbers=\count404
\lst@framebox=\box137
)
(C:/Users/anfalear/AppData/Local/Programs/MiKTeX/tex/latex/listings/listings.cf
g
File: listings.cfg 2024/09/23 1.10c listings configuration
))
Package: listings 2024/09/23 1.10c (Carsten Heinz)

(C:/Users/anfalear/AppData/Local/Programs/MiKTeX/tex/latex/cancel/cancel.sty
Package: cancel 2013/04/12 v2.2 Cancel math terms
)
(C:/Users/anfalear/AppData/Local/Programs/MiKTeX/tex/latex/tcolorbox/tcolorbox.
sty
Package: tcolorbox 2025/06/04 version 6.6.0 text color boxes

(C:/Users/anfalear/AppData/Local/Programs/MiKTeX/tex/latex/tools/verbatim.sty
Package: verbatim 2024-01-22 v1.5x LaTeX2e package for verbatim enhancements
\every@verbatim=\toks71
\verbatim@line=\toks72
\verbatim@in@stream=\read5
)
(C:/Users/anfalear/AppData/Local/Programs/MiKTeX/tex/latex/environ/environ.sty
Package: environ 2014/05/04 v0.3 A new way to define environments

(C:/Users/anfalear/AppData/Local/Programs/MiKTeX/tex/latex/trimspaces/trimspace
s.sty
Package: trimspaces 2009/09/17 v1.1 Trim spaces around a token list
))
\tcb@titlebox=\box138
\tcb@upperbox=\box139
\tcb@lowerbox=\box140
\tcb@phantombox=\box141
\c@tcbbreakpart=\count405
\c@tcblayer=\count406
\c@tcolorbox@number=\count407
\l__tcobox_tmpa_box=\box142
\l__tcobox_tmpa_dim=\dimen375
\tcb@temp=\box143
\tcb@temp=\box144
\tcb@temp=\box145
\tcb@temp=\box146

(C:/Users/anfalear/AppData/Local/Programs/MiKTeX/tex/latex/tcolorbox/tcbraster.
code.tex
Library (tcolorbox): 'tcbraster.code.tex' version '6.6.0'
\c@tcbrastercolumn=\count408
\c@tcbrasterrow=\count409
\c@tcbrasternum=\count410
\c@tcbraster=\count411
)
(C:/Users/anfalear/AppData/Local/Programs/MiKTeX/tex/latex/tcolorbox/tcbskins.c
ode.tex
Library (tcolorbox): 'tcbskins.code.tex' version '6.6.0'

(C:/Users/anfalear/AppData/Local/Programs/MiKTeX/tex/latex/tikzfill/tikzfill.im
age.sty
Package: tikzfill.image 2023/08/08 v1.0.1 Image filling library for TikZ

(C:/Users/anfalear/AppData/Local/Programs/MiKTeX/tex/latex/tikzfill/tikzfill-co
mmon.sty
Package: tikzfill-common 2023/08/08 v1.0.1 Auxiliary code for tikzfill
)
(C:/Users/anfalear/AppData/Local/Programs/MiKTeX/tex/latex/tikzfill/tikzlibrary
fill.image.code.tex
File: tikzlibraryfill.image.code.tex 2023/08/08 v1.0.1 Image filling library
\l__tikzfill_img_box=\box147
))
(C:/Users/anfalear/AppData/Local/Programs/MiKTeX/tex/latex/tcolorbox/tcbskinsji
gsaw.code.tex
Library (tcolorbox): 'tcbskinsjigsaw.code.tex' version '6.6.0'
))
(C:/Users/anfalear/AppData/Local/Programs/MiKTeX/tex/latex/tcolorbox/tcbbreakab
le.code.tex
Library (tcolorbox): 'tcbbreakable.code.tex' version '6.6.0'
(C:/Users/anfalear/AppData/Local/Programs/MiKTeX/tex/latex/pdfcol/pdfcol.sty
Package: pdfcol 2022-09-21 v1.7 Handle new color stacks for pdfTeX (HO)
)
Package pdfcol Info: New color stack `tcb@breakable' = 1 on input line 23.
\tcb@testbox=\box148
\tcb@totalupperbox=\box149
\tcb@totallowerbox=\box150
)
(C:/Users/anfalear/AppData/Local/Programs/MiKTeX/tex/latex/tcolorbox/tcbhooks.c
ode.tex
Library (tcolorbox): 'tcbhooks.code.tex' version '6.6.0'
)
(C:/Users/anfalear/AppData/Local/Programs/MiKTeX/tex/latex/tcolorbox/tcbtheorem
s.code.tex
Library (tcolorbox): 'tcbtheorems.code.tex' version '6.6.0'
)
(C:/Users/anfalear/AppData/Local/Programs/MiKTeX/tex/latex/tcolorbox/tcbfitting
.code.tex
Library (tcolorbox): 'tcbfitting.code.tex' version '6.6.0'
\tcbfitdim=\dimen376
\tcb@lowerfitdim=\dimen377
\tcb@upperfitdim=\dimen378
\tcb@cur@hbadness=\count412
)
(C:/Users/anfalear/AppData/Local/Programs/MiKTeX/tex/latex/tcolorbox/tcblisting
sutf8.code.tex
Library (tcolorbox): 'tcblistingsutf8.code.tex' version '6.6.0'

(C:/Users/anfalear/AppData/Local/Programs/MiKTeX/tex/latex/tcolorbox/tcblisting
s.code.tex
Library (tcolorbox): 'tcblistings.code.tex' version '6.6.0'

(C:/Users/anfalear/AppData/Local/Programs/MiKTeX/tex/latex/tcolorbox/tcblisting
score.code.tex
Library (tcolorbox): 'tcblistingscore.code.tex' version '6.6.0'

(C:/Users/anfalear/AppData/Local/Programs/MiKTeX/tex/latex/tcolorbox/tcbprocess
ing.code.tex
Library (tcolorbox): 'tcbprocessing.code.tex' version '6.6.0'
)
\c@tcblisting=\count413
))
Package tcolorbox Info: Library `listingsutf8' is compatible with pdftex only. 
Library `listings` is loaded instead. on input line 29.
)
(C:/Users/anfalear/AppData/Local/Programs/MiKTeX/tex/latex/tcolorbox/tcbexterna
l.code.tex
Library (tcolorbox): 'tcbexternal.code.tex' version '6.6.0'
)
(C:/Users/anfalear/AppData/Local/Programs/MiKTeX/tex/latex/tcolorbox/tcbmagazin
e.code.tex
Library (tcolorbox): 'tcbmagazine.code.tex' version '6.6.0'
)
(C:/Users/anfalear/AppData/Local/Programs/MiKTeX/tex/latex/tcolorbox/tcbvignett
e.code.tex
Library (tcolorbox): 'tcbvignette.code.tex' version '6.6.0'

(C:/Users/anfalear/AppData/Local/Programs/MiKTeX/tex/generic/pgf/frontendlayer/
tikz/libraries/tikzlibraryfadings.code.tex
File: tikzlibraryfadings.code.tex 2023-01-15 v3.1.10 (3.1.10)

(C:/Users/anfalear/AppData/Local/Programs/MiKTeX/tex/generic/pgf/libraries/pgfl
ibraryfadings.code.tex
File: pgflibraryfadings.code.tex 2023-01-15 v3.1.10 (3.1.10)
)))
(C:/Users/anfalear/AppData/Local/Programs/MiKTeX/tex/latex/tcolorbox/tcbposter.
code.tex
Library (tcolorbox): 'tcbposter.code.tex' version '6.6.0'
))
(C:/Users/anfalear/AppData/Local/Programs/MiKTeX/tex/latex/titlesec/titlesec.st
y
Package: titlesec 2025/01/04 v2.17 Sectioning titles
\ttl@box=\box151
\beforetitleunit=\skip69
\aftertitleunit=\skip70
\ttl@plus=\dimen379
\ttl@minus=\dimen380
\ttl@toksa=\toks73
\titlewidth=\dimen381
\titlewidthlast=\dimen382
\titlewidthfirst=\dimen383
)
\c@ttlp@side=\count414
\ttlp@side=\count415

(C:/Users/anfalear/AppData/Local/Programs/MiKTeX/tex/latex/thmtools/thmtools.st
y
Package: thmtools 2023/05/04 v0.76
\thmt@toks=\toks74
\c@thmt@dummyctr=\count416

(C:/Users/anfalear/AppData/Local/Programs/MiKTeX/tex/latex/thmtools/thm-patch.s
ty
Package: thm-patch 2023/05/04 v0.76

(C:/Users/anfalear/AppData/Local/Programs/MiKTeX/tex/latex/thmtools/parseargs.s
ty
Package: parseargs 2023/05/04 v0.76
\@parsespec=\toks75
))
(C:/Users/anfalear/AppData/Local/Programs/MiKTeX/tex/latex/thmtools/thm-kv.sty
Package: thm-kv 2023/05/04 v0.76
Package thm-kv Info: Theorem names will be uppercased on input line 42.
Package thm-kv Info: kvsetkeys patch (v1.16 or later) on input line 158.
)
(C:/Users/anfalear/AppData/Local/Programs/MiKTeX/tex/latex/thmtools/thm-autoref
.sty
Package: thm-autoref 2023/05/04 v0.76

(C:/Users/anfalear/AppData/Local/Programs/MiKTeX/tex/latex/thmtools/aliasctr.st
y
Package: aliasctr 2023/05/04 v0.76
))
(C:/Users/anfalear/AppData/Local/Programs/MiKTeX/tex/latex/thmtools/thm-listof.
sty
Package: thm-listof 2023/05/04 v0.76
)
(C:/Users/anfalear/AppData/Local/Programs/MiKTeX/tex/latex/thmtools/thm-restate
.sty
Package: thm-restate 2023/05/04 v0.76
)
(C:/Users/anfalear/AppData/Local/Programs/MiKTeX/tex/latex/thmtools/thm-amsthm.
sty
Package: thm-amsthm 2023/05/04 v0.76
\thmt@style@headstyle=\toks76
))
\c@theorem=\count417

(C:/Users/anfalear/AppData/Local/Programs/MiKTeX/tex/latex/tocloft/tocloft.sty
Package: tocloft 2017/08/31 v2.3i parameterised ToC, etc., typesetting
Package tocloft Info: The document has chapter divisions on input line 51.
\cftparskip=\skip71
\cftbeforetoctitleskip=\skip72
\cftaftertoctitleskip=\skip73
\cftbeforepartskip=\skip74
\cftpartnumwidth=\skip75
\cftpartindent=\skip76
\cftbeforechapskip=\skip77
\cftchapindent=\skip78
\cftchapnumwidth=\skip79
\cftbeforesecskip=\skip80
\cftsecindent=\skip81
\cftsecnumwidth=\skip82
\cftbeforesubsecskip=\skip83
\cftsubsecindent=\skip84
\cftsubsecnumwidth=\skip85
\cftbeforesubsubsecskip=\skip86
\cftsubsubsecindent=\skip87
\cftsubsubsecnumwidth=\skip88
\cftbeforeparaskip=\skip89
\cftparaindent=\skip90
\cftparanumwidth=\skip91
\cftbeforesubparaskip=\skip92
\cftsubparaindent=\skip93
\cftsubparanumwidth=\skip94
\cftbeforeloftitleskip=\skip95
\cftafterloftitleskip=\skip96
\cftbeforefigskip=\skip97
\cftfigindent=\skip98
\cftfignumwidth=\skip99
\c@lofdepth=\count418
\c@lotdepth=\count419
\cftbeforelottitleskip=\skip100
\cftafterlottitleskip=\skip101
\cftbeforetabskip=\skip102
\cfttabindent=\skip103
\cfttabnumwidth=\skip104


Package tocloft Warning: \@starttoc has already been redefined; tocloft bailing
 out. on input line 1156.

)
(C:/Users/anfalear/AppData/Local/Programs/MiKTeX/tex/latex/titlesec/titletoc.st
y
Package: titletoc 2025/01/04 v2.17 TOC entries
\ttl@leftsep=\dimen384
)
(C:/Users/anfalear/AppData/Local/Programs/MiKTeX/tex/latex/fancyhdr/fancyhdr.st
y
Package: fancyhdr 2025/02/07 v5.2 Extensive control of page headers and footers

\f@nch@headwidth=\skip105
\f@nch@offset@elh=\skip106
\f@nch@offset@erh=\skip107
\f@nch@offset@olh=\skip108
\f@nch@offset@orh=\skip109
\f@nch@offset@elf=\skip110
\f@nch@offset@erf=\skip111
\f@nch@offset@olf=\skip112
\f@nch@offset@orf=\skip113
\f@nch@height=\skip114
\f@nch@footalignment=\skip115
\f@nch@widthL=\skip116
\f@nch@widthC=\skip117
\f@nch@widthR=\skip118
\@temptokenb=\toks77
) (./anfalearNotasCalculo.aux
LaTeX Info: Redefining \. on input line 11.
LaTeX Info: Redefining \% on input line 11.
Package babel Info: 'spanish' activates 'spanish' shorthands.
(babel)             Reported  on input line 11.
)
\openout1 = anfalearNotasCalculo.aux

LaTeX Font Info:    Checking defaults for OML/cmm/m/it on input line 415.
LaTeX Font Info:    ... okay on input line 415.
LaTeX Font Info:    Checking defaults for OMS/cmsy/m/n on input line 415.
LaTeX Font Info:    ... okay on input line 415.
LaTeX Font Info:    Checking defaults for OT1/cmr/m/n on input line 415.
LaTeX Font Info:    ... okay on input line 415.
LaTeX Font Info:    Checking defaults for T1/cmr/m/n on input line 415.
LaTeX Font Info:    ... okay on input line 415.
LaTeX Font Info:    Checking defaults for TS1/cmr/m/n on input line 415.
LaTeX Font Info:    ... okay on input line 415.
LaTeX Font Info:    Checking defaults for TU/lmr/m/n on input line 415.
LaTeX Font Info:    ... okay on input line 415.
LaTeX Font Info:    Checking defaults for OMX/cmex/m/n on input line 415.
LaTeX Font Info:    ... okay on input line 415.
LaTeX Font Info:    Checking defaults for U/cmr/m/n on input line 415.
LaTeX Font Info:    ... okay on input line 415.
LaTeX Font Info:    Checking defaults for PD1/pdf/m/n on input line 415.
LaTeX Font Info:    ... okay on input line 415.
LaTeX Font Info:    Checking defaults for PU/pdf/m/n on input line 415.
LaTeX Font Info:    ... okay on input line 415.

*geometry* driver: auto-detecting
*geometry* detected driver: luatex
*geometry* verbose mode - [ preamble ] result:
* driver: luatex
* paper: custom
* layout: <same size as paper>
* layoutoffset:(h,v)=(0.0pt,0.0pt)
* modes: twoside 
* h-part:(L,W,R)=(42.67912pt, 528.93675pt, 42.67912pt)
* v-part:(T,H,B)=(71.13188pt, 797.24623pt, 71.13188pt)
* \paperwidth=614.295pt
* \paperheight=939.51pt
* \textwidth=528.93675pt
* \textheight=797.24623pt
* \oddsidemargin=-29.59087pt
* \evensidemargin=-29.59087pt
* \topmargin=-33.0119pt
* \headheight=12.0pt
* \headsep=19.8738pt
* \topskip=12.0pt
* \footskip=30.0pt
* \marginparwidth=98.0pt
* \marginparsep=7.0pt
* \columnsep=10.0pt
* \skip\footins=10.8pt plus 4.0pt minus 2.0pt
* \hoffset=0.0pt
* \voffset=0.0pt
* \mag=1000
* \@twocolumnfalse
* \@twosidetrue
* \@mparswitchtrue
* \@reversemarginfalse
* (1in=72.27pt=25.4mm, 1cm=28.453pt)

LaTeX Info: Redefining \. on input line 415.
LaTeX Info: Redefining \% on input line 415.

Package fontspec Info: 
(fontspec)             Adjusting the maths setup (use [no-math] to avoid
(fontspec)             this).

\symlegacymaths=\mathgroup7
LaTeX Font Info:    Overwriting symbol font `legacymaths' in version `bold'
(Font)                  OT1/cmr/m/n --> OT1/cmr/bx/n on input line 415.
LaTeX Font Info:    Redeclaring math accent \acute on input line 415.
LaTeX Font Info:    Redeclaring math accent \grave on input line 415.
LaTeX Font Info:    Redeclaring math accent \ddot on input line 415.
LaTeX Font Info:    Redeclaring math accent \tilde on input line 415.
LaTeX Font Info:    Redeclaring math accent \bar on input line 415.
LaTeX Font Info:    Redeclaring math accent \breve on input line 415.
LaTeX Font Info:    Redeclaring math accent \check on input line 415.
LaTeX Font Info:    Redeclaring math accent \hat on input line 415.
LaTeX Font Info:    Redeclaring math accent \dot on input line 415.
LaTeX Font Info:    Redeclaring math accent \mathring on input line 415.
LaTeX Font Info:    Redeclaring math symbol \Gamma on input line 415.
LaTeX Font Info:    Redeclaring math symbol \Delta on input line 415.
LaTeX Font Info:    Redeclaring math symbol \Theta on input line 415.
LaTeX Font Info:    Redeclaring math symbol \Lambda on input line 415.
LaTeX Font Info:    Redeclaring math symbol \Xi on input line 415.
LaTeX Font Info:    Redeclaring math symbol \Pi on input line 415.
LaTeX Font Info:    Redeclaring math symbol \Sigma on input line 415.
LaTeX Font Info:    Redeclaring math symbol \Upsilon on input line 415.
LaTeX Font Info:    Redeclaring math symbol \Phi on input line 415.
LaTeX Font Info:    Redeclaring math symbol \Psi on input line 415.
LaTeX Font Info:    Redeclaring math symbol \Omega on input line 415.
LaTeX Font Info:    Redeclaring math symbol \mathdollar on input line 415.
LaTeX Font Info:    Redeclaring symbol font `operators' on input line 415.
LaTeX Font Info:    Encoding `OT1' has changed to `TU' for symbol font
(Font)              `operators' in the math version `normal' on input line 415.

LaTeX Font Info:    Overwriting symbol font `operators' in version `normal'
(Font)                  OT1/cmr/m/n --> TU/TimesNewRoman(0)/m/n on input line 4
15.
LaTeX Font Info:    Encoding `OT1' has changed to `TU' for symbol font
(Font)              `operators' in the math version `bold' on input line 415.
LaTeX Font Info:    Overwriting symbol font `operators' in version `bold'
(Font)                  OT1/cmr/bx/n --> TU/TimesNewRoman(0)/m/n on input line 
415.
LaTeX Font Info:    Overwriting symbol font `operators' in version `normal'
(Font)                  TU/TimesNewRoman(0)/m/n --> TU/TimesNewRoman(0)/m/n on 
input line 415.
LaTeX Font Info:    Overwriting math alphabet `\mathit' in version `normal'
(Font)                  OT1/cmr/m/it --> TU/TimesNewRoman(0)/m/it on input line
 415.
LaTeX Font Info:    Overwriting math alphabet `\mathbf' in version `normal'
(Font)                  OT1/cmr/bx/n --> TU/TimesNewRoman(0)/b/n on input line 
415.
LaTeX Font Info:    Overwriting math alphabet `\mathsf' in version `normal'
(Font)                  OT1/cmss/m/n --> TU/lmss/m/n on input line 415.
LaTeX Font Info:    Overwriting math alphabet `\mathtt' in version `normal'
(Font)                  OT1/cmtt/m/n --> TU/lmtt/m/n on input line 415.
LaTeX Font Info:    Overwriting symbol font `operators' in version `bold'
(Font)                  TU/TimesNewRoman(0)/m/n --> TU/TimesNewRoman(0)/b/n on 
input line 415.
LaTeX Font Info:    Overwriting math alphabet `\mathit' in version `bold'
(Font)                  OT1/cmr/bx/it --> TU/TimesNewRoman(0)/b/it on input lin
e 415.
LaTeX Font Info:    Overwriting math alphabet `\mathsf' in version `bold'
(Font)                  OT1/cmss/bx/n --> TU/lmss/b/n on input line 415.
LaTeX Font Info:    Overwriting math alphabet `\mathtt' in version `bold'
(Font)                  OT1/cmtt/m/n --> TU/lmtt/b/n on input line 415.

(C:/Users/anfalear/AppData/Local/Programs/MiKTeX/tex/context/base/mkii/supp-pdf
.mkii
[Loading MPS to PDF converter (version 2006.09.02).]
\scratchcounter=\count420
\scratchdimen=\dimen385
\scratchbox=\box152
\nofMPsegments=\count421
\nofMParguments=\count422
\everyMPshowfont=\toks78
\MPscratchCnt=\count423
\MPscratchDim=\dimen386
\MPnumerator=\count424
\makeMPintoPDFobject=\count425
\everyMPtoPDFconversion=\toks79
)
(C:/Users/anfalear/AppData/Local/Programs/MiKTeX/tex/latex/epstopdf-pkg/epstopd
f-base.sty
Package: epstopdf-base 2020-01-24 v2.11 Base part for package epstopdf
Package epstopdf-base Info: Redefining graphics rule for `.eps' on input line 4
85.

(C:/Users/anfalear/AppData/Local/Programs/MiKTeX/tex/latex/00miktex/epstopdf-sy
s.cfg
File: epstopdf-sys.cfg 2021/03/18 v2.0 Configuration of epstopdf for MiKTeX
))
Package pgfplots notification 'compat/show suggested version=true': document ha
s been generated with the most recent feature set (\pgfplotsset{compat=1.18}).

Couldn't patch \ttl@straight@ii
Couldn't patch \ttl@straight@ii
Package hyperref Info: Link coloring OFF on input line 415.
(./anfalearNotasCalculo.out) (./anfalearNotasCalculo.out)
\@outlinefile=\write6

\openout6 = anfalearNotasCalculo.out
\c@lstlisting=\count426
LaTeX Font Info:    Trying to load font information for U+msa on input line 423
.

(C:/Users/anfalear/AppData/Local/Programs/MiKTeX/tex/latex/amsfonts/umsa.fd
File: umsa.fd 2013/01/14 v3.01 AMS symbols A
)
LaTeX Font Info:    Trying to load font information for U+msb on input line 423
.

(C:/Users/anfalear/AppData/Local/Programs/MiKTeX/tex/latex/amsfonts/umsb.fd
File: umsb.fd 2013/01/14 v3.01 AMS symbols B
)
LaTeX Font Info:    Trying to load font information for U+rsfs on input line 42
3.

(C:/Users/anfalear/AppData/Local/Programs/MiKTeX/tex/latex/jknappen/ursfs.fd
File: ursfs.fd 1998/03/24 rsfs font definition file (jk)
)

[1


{C:/Users/anfalear/AppData/Local/MiKTeX/fonts/map/pdftex/pdftex.map}]

[2

]

[3]

[4] (./anfalearNotasCalculo.toc
LaTeX Info: Redefining \. on input line 1.
LaTeX Info: Redefining \% on input line 1.


[5]

LaTeX Info: Redefining \. on input line 93.
LaTeX Info: Redefining \% on input line 93.
Package babel Info: 'spanish' activates 'spanish' shorthands.
(babel)             Reported  on input line 93.
[6]

LaTeX Info: Redefining \. on input line 142.
LaTeX Info: Redefining \% on input line 142.
[7]

LaTeX Info: Redefining \. on input line 191.
LaTeX Info: Redefining \% on input line 191.
[8]

LaTeX Info: Redefining \. on input line 240.
LaTeX Info: Redefining \% on input line 240.
[9]

LaTeX Info: Redefining \. on input line 285.
LaTeX Info: Redefining \% on input line 285.
[10]

LaTeX Info: Redefining \. on input line 335.
LaTeX Info: Redefining \% on input line 335.
[11]

LaTeX Info: Redefining \. on input line 384.
LaTeX Info: Redefining \% on input line 384.
[12])
\tf@toc=\write7

\openout7 = anfalearNotasCalculo.toc


LaTeX Info: Redefining \. on input line 480.
LaTeX Info: Redefining \% on input line 480.
[13]

LaTeX Info: Redefining \. on input line 480.
LaTeX Info: Redefining \% on input line 480.
[14

] (./preliminares.tex

[15]

[16

]
Capítulo 1.
Package hyperref Info: bookmark level for unknown rem defaults to 0 on input li
ne 47.
Package hyperref Info: bookmark level for unknown theorem defaults to 0 on inpu
t line 65.


[17]
Package hyperref Info: bookmark level for unknown example defaults to 0 on inpu
t line 109.


LaTeX Info: Redefining \. on input line 163.
LaTeX Info: Redefining \% on input line 163.
[18]
Package hyperref Info: bookmark level for unknown definition defaults to 0 on i
nput line 245.


LaTeX Info: Redefining \. on input line 263.
LaTeX Info: Redefining \% on input line 263.
[19]

LaTeX Info: Redefining \. on input line 390.
LaTeX Info: Redefining \% on input line 390.
[20]

LaTeX Info: Redefining \. on input line 462.
LaTeX Info: Redefining \% on input line 462.
[21]

LaTeX Info: Redefining \. on input line 557.
LaTeX Info: Redefining \% on input line 557.
[22]

LaTeX Info: Redefining \. on input line 694.
LaTeX Info: Redefining \% on input line 694.
[23]

LaTeX Info: Redefining \. on input line 818.
LaTeX Info: Redefining \% on input line 818.
[24]
Package hyperref Info: bookmark level for unknown prob defaults to 0 on input l
ine 848.








LaTeX Info: Redefining \. on input line 885.
LaTeX Info: Redefining \% on input line 885.
[25]













LaTeX Info: Redefining \. on input line 965.
LaTeX Info: Redefining \% on input line 965.
[26]) (./complejos.tex

LaTeX Info: Redefining \. on input line 1.
LaTeX Info: Redefining \% on input line 1.
[27]

LaTeX Info: Redefining \. on input line 1.
LaTeX Info: Redefining \% on input line 1.
[28

]
Capítulo 2.


[29]







LaTeX Info: Redefining \. on input line 100.
LaTeX Info: Redefining \% on input line 100.
[30]

LaTeX Info: Redefining \. on input line 177.
LaTeX Info: Redefining \% on input line 177.
[31]

LaTeX Info: Redefining \. on input line 236.
LaTeX Info: Redefining \% on input line 236.
[32]

LaTeX Info: Redefining \. on input line 347.
LaTeX Info: Redefining \% on input line 347.
[33]

LaTeX Info: Redefining \. on input line 396.
LaTeX Info: Redefining \% on input line 396.
[34]







LaTeX Info: Redefining \. on input line 489.
LaTeX Info: Redefining \% on input line 489.
[35]







LaTeX Info: Redefining \. on input line 573.
LaTeX Info: Redefining \% on input line 573.
[36]

LaTeX Info: Redefining \. on input line 584.
LaTeX Info: Redefining \% on input line 584.
[37]











LaTeX Info: Redefining \. on input line 640.
LaTeX Info: Redefining \% on input line 640.
[38]
Package epstopdf Info: Source file: <representacioncomplejo.eps>
(epstopdf)                    date: 2024-06-26 11:42:11
(epstopdf)                    size: 26560 bytes
(epstopdf)             Output file: <representacioncomplejo-eps-converted-to.pd
f>
(epstopdf)                    date: 2025-07-11 12:58:49
(epstopdf)                    size: 14281 bytes
(epstopdf)             Command: <miktex-epstopdf --outfile=representacioncomple
jo-eps-converted-to.pdf representacioncomplejo.eps>
(epstopdf)             \includegraphics on input line 700.
Package epstopdf Info: Output file is already uptodate.
<representacioncomplejo-eps-converted-to.pdf, id=2447, 662.475pt x 479.7925pt>
File: representacioncomplejo-eps-converted-to.pdf Graphic file (type pdf)
<use representacioncomplejo-eps-converted-to.pdf>
Package luatex.def Info: representacioncomplejo-eps-converted-to.pdf  used on i
nput line 700.
(luatex.def)             Requested size: 231.86972pt x 167.92987pt.


LaTeX Info: Redefining \. on input line 709.
LaTeX Info: Redefining \% on input line 709.
[39]







LaTeX Info: Redefining \. on input line 778.
LaTeX Info: Redefining \% on input line 778.
[40<./representacioncomplejo-eps-converted-to.pdf>]

LaTeX Info: Redefining \. on input line 844.
LaTeX Info: Redefining \% on input line 844.
[41]







LaTeX Info: Redefining \. on input line 917.
LaTeX Info: Redefining \% on input line 917.
[42
Missing character: There is no [ (U+005B) in font nullfont!
Missing character: There is no s (U+0073) in font nullfont!
Missing character: There is no e (U+0065) in font nullfont!
Missing character: There is no t (U+0074) in font nullfont!
Missing character: There is no l (U+006C) in font nullfont!
Missing character: There is no a (U+0061) in font nullfont!
Missing character: There is no y (U+0079) in font nullfont!
Missing character: There is no e (U+0065) in font nullfont!
Missing character: There is no r (U+0072) in font nullfont!
Missing character: There is no s (U+0073) in font nullfont!
Missing character: There is no ] (U+005D) in font nullfont!
]

LaTeX Info: Redefining \. on input line 1014.
LaTeX Info: Redefining \% on input line 1014.
[43]

LaTeX Info: Redefining \. on input line 1127.
LaTeX Info: Redefining \% on input line 1127.
[44]

LaTeX Info: Redefining \. on input line 1127.
LaTeX Info: Redefining \% on input line 1127.
[45]

LaTeX Info: Redefining \. on input line 1240.
LaTeX Info: Redefining \% on input line 1240.
[46

]

LaTeX Info: Redefining \. on input line 1341.
LaTeX Info: Redefining \% on input line 1341.
[47]

LaTeX Info: Redefining \. on input line 1369.
LaTeX Info: Redefining \% on input line 1369.
[48]















LaTeX Info: Redefining \. on input line 1436.
LaTeX Info: Redefining \% on input line 1436.
[49]






Underfull \hbox (badness 1028) in paragraph at lines 1473--1477
[]\TU/TimesNewRoman(0)/b/n/12 Pa-so 3. Par-te (b). $\OML/cmm/m/it/12 z[] \OMS/c
msy/m/n/12 ^^@ \OT1/cmr/m/n/12 27\OML/cmm/m/it/12 i \OT1/cmr/m/n/12 = 0 \OMS/cm
sy/m/n/12 ) \OML/cmm/m/it/12 z[] \OT1/cmr/m/n/12 = 27\OML/cmm/m/it/12 i \OT1/cm
r/m/n/12 = 27\OML/cmm/m/it/12 e[]:$ \TU/TimesNewRoman(0)/m/n/12 Las raí-ces c
ú-bi-cas son $\OML/cmm/m/it/12 z[] \OT1/cmr/m/n/12 =
 []



LaTeX Info: Redefining \. on input line 1519.
LaTeX Info: Redefining \% on input line 1519.
[50]

LaTeX Info: Redefining \. on input line 1558.
LaTeX Info: Redefining \% on input line 1558.
[51]





































LaTeX Info: Redefining \. on input line 1667.
LaTeX Info: Redefining \% on input line 1667.
[52]) (./funciones.tex

LaTeX Info: Redefining \. on input line 1.
LaTeX Info: Redefining \% on input line 1.
[53]

LaTeX Info: Redefining \. on input line 1.
LaTeX Info: Redefining \% on input line 1.
[54

]
Capítulo 3.


[55]

LaTeX Info: Redefining \. on input line 144.
LaTeX Info: Redefining \% on input line 144.
[56]

LaTeX Info: Redefining \. on input line 232.
LaTeX Info: Redefining \% on input line 232.
[57]

LaTeX Info: Redefining \. on input line 253.
LaTeX Info: Redefining \% on input line 253.
[58]

LaTeX Info: Redefining \. on input line 323.
LaTeX Info: Redefining \% on input line 323.
[59]

LaTeX Info: Redefining \. on input line 385.
LaTeX Info: Redefining \% on input line 385.
[60]
Package pgfplots info on input line 444: Using 'lua backend=false' for plot 0 (
type 'pgfplothandlerlineto'): LUA does not support y filter (yet).
Package pgfplots info on input line 445: Using 'lua backend=false' for plot 1 (
type 'pgfplothandlerlineto'): LUA does not support y filter (yet).
Package pgfplots info on input line 447: Using 'lua backend=false' for plot 2 (
type 'pgfplothandlerlineto'): LUA does not support y filter (yet).


LaTeX Info: Redefining \. on input line 493.
LaTeX Info: Redefining \% on input line 493.
[61]
Package pgfplots info on input line 519: Using 'lua backend=false' for plot 0 (
type 'pgfplothandlerlineto'): LUA does not support y filter (yet).
Package pgfplots info on input line 521: Using 'lua backend=false' for plot 1 (
type 'pgfplothandlerlineto'): LUA does not support y filter (yet).


LaTeX Info: Redefining \. on input line 558.
LaTeX Info: Redefining \% on input line 558.
[62]

LaTeX Info: Redefining \. on input line 649.
LaTeX Info: Redefining \% on input line 649.
[63
Missing character: There is no . (U+002E) in font nullfont!
Missing character: There is no 0 (U+0030) in font nullfont!
Missing character: There is no 1 (U+0031) in font nullfont!
Missing character: There is no p (U+0070) in font nullfont!
Missing character: There is no t (U+0074) in font nullfont!
]

LaTeX Info: Redefining \. on input line 717.
LaTeX Info: Redefining \% on input line 717.
[64]

LaTeX Info: Redefining \. on input line 800.
LaTeX Info: Redefining \% on input line 800.
[65]
Package pgfplots info on input line 854: Using 'lua backend=false' for plot 0 (
type 'pgfplothandlerlineto'): LUA does not support y filter (yet).
Package pgfplots info on input line 855: Using 'lua backend=false' for plot 1 (
type 'pgfplothandlerlineto'): LUA does not support y filter (yet).
Package pgfplots info on input line 856: Using 'lua backend=false' for plot 2 (
type 'pgfplothandlerlineto'): LUA does not support y filter (yet).


LaTeX Info: Redefining \. on input line 872.
LaTeX Info: Redefining \% on input line 872.
[66]

LaTeX Info: Redefining \. on input line 943.
LaTeX Info: Redefining \% on input line 943.
[67]

LaTeX Info: Redefining \. on input line 1009.
LaTeX Info: Redefining \% on input line 1009.
[68]

LaTeX Info: Redefining \. on input line 1087.
LaTeX Info: Redefining \% on input line 1087.
[69]













LaTeX Info: Redefining \. on input line 1158.
LaTeX Info: Redefining \% on input line 1158.
[70]













LaTeX Info: Redefining \. on input line 1233.
LaTeX Info: Redefining \% on input line 1233.
[71]







LaTeX Info: Redefining \. on input line 1342.
LaTeX Info: Redefining \% on input line 1342.
[72]

LaTeX Info: Redefining \. on input line 1398.
LaTeX Info: Redefining \% on input line 1398.
[73]) (./limites.tex

LaTeX Info: Redefining \. on input line 3.
LaTeX Info: Redefining \% on input line 3.
[74]
Capítulo 4.


[75

]

LaTeX Info: Redefining \. on input line 146.
LaTeX Info: Redefining \% on input line 146.
[76]
Overfull \hbox (2.55865pt too wide) in paragraph at lines 226--229
[]\TU/TimesNewRoman(0)/m/n/12 Su-pon-ga-mos, por con-tra-dic-ción, que exis-ten
 dos lí-mi-tes dis-tin-tos $\OML/cmm/m/it/12 L[] \OMS/cmsy/m/n/12 6\OT1/cmr/m/
n/12 = \OML/cmm/m/it/12 L[]$\TU/TimesNewRoman(0)/m/n/12 . Sea $\OML/cmm/m/it/12
  \OT1/cmr/m/n/12 = [] \OML/cmm/m/it/12 >
 []



LaTeX Info: Redefining \. on input line 253.
LaTeX Info: Redefining \% on input line 253.
[77]

LaTeX Info: Redefining \. on input line 338.
LaTeX Info: Redefining \% on input line 338.
[78]

LaTeX Info: Redefining \. on input line 485.
LaTeX Info: Redefining \% on input line 485.
[79]

LaTeX Info: Redefining \. on input line 547.
LaTeX Info: Redefining \% on input line 547.
[80]
Package pgfplots info on input line 568: Using 'lua backend=false' for plot 0 (
type 'pgfplothandlerlineto'): LUA does not support y filter (yet).
Package pgfplots info on input line 569: Using 'lua backend=false' for plot 1 (
type 'pgfplothandlerlineto'): LUA does not support y filter (yet).


LaTeX Info: Redefining \. on input line 627.
LaTeX Info: Redefining \% on input line 627.
[81]

LaTeX Info: Redefining \. on input line 691.
LaTeX Info: Redefining \% on input line 691.
[82]

LaTeX Info: Redefining \. on input line 809.
LaTeX Info: Redefining \% on input line 809.
[83]
Package hyperref Info: bookmark level for unknown coro defaults to 0 on input l
ine 827.


LaTeX Info: Redefining \. on input line 881.
LaTeX Info: Redefining \% on input line 881.
[84]

LaTeX Info: Redefining \. on input line 955.
LaTeX Info: Redefining \% on input line 955.
[85]

LaTeX Info: Redefining \. on input line 1030.
LaTeX Info: Redefining \% on input line 1030.
[86]

Package hyperref Warning: Token not allowed in a PDF string (Unicode):
(hyperref)                removing `math shift' on input line 1112.


Package hyperref Warning: Token not allowed in a PDF string (Unicode):
(hyperref)                removing `superscript' on input line 1112.


Package hyperref Warning: Token not allowed in a PDF string (Unicode):
(hyperref)                removing `\infty' on input line 1112.


Package hyperref Warning: Token not allowed in a PDF string (Unicode):
(hyperref)                removing `math shift' on input line 1112.



LaTeX Info: Redefining \. on input line 1122.
LaTeX Info: Redefining \% on input line 1122.
[87]

LaTeX Info: Redefining \. on input line 1227.
LaTeX Info: Redefining \% on input line 1227.
[88]) (./derivadas.tex

LaTeX Info: Redefining \. on input line 1.
LaTeX Info: Redefining \% on input line 1.
[89]

LaTeX Info: Redefining \. on input line 1.
LaTeX Info: Redefining \% on input line 1.
[90

]
Capítulo 5.


[91]

LaTeX Info: Redefining \. on input line 151.
LaTeX Info: Redefining \% on input line 151.
[92]

[93]

LaTeX Info: Redefining \. on input line 294.
LaTeX Info: Redefining \% on input line 294.
[94]
Overfull \hbox (0.98718pt too wide) in paragraph at lines 335--339
\TU/TimesNewRoman(0)/m/it/12 iden-ti-da-des tri-go-no-mé-tri-cas y la re-gla de
l co-cien-te. Por ejem-plo, $\OML/cmm/m/it/12 D[]\OT1/cmr/m/n/12 ([] \OML/cmm/m
/it/12 x\OT1/cmr/m/n/12 ) = \OML/cmm/m/it/12 D[]  [] \OT1/cmr/m/n/12 = [] =
 []



LaTeX Info: Redefining \. on input line 371.
LaTeX Info: Redefining \% on input line 371.
[95]

LaTeX Info: Redefining \. on input line 461.
LaTeX Info: Redefining \% on input line 461.
[96]

LaTeX Info: Redefining \. on input line 544.
LaTeX Info: Redefining \% on input line 544.
[97]

LaTeX Info: Redefining \. on input line 618.
LaTeX Info: Redefining \% on input line 618.
[98]

LaTeX Info: Redefining \. on input line 685.
LaTeX Info: Redefining \% on input line 685.
[99]

LaTeX Info: Redefining \. on input line 743.
LaTeX Info: Redefining \% on input line 743.
[100]

LaTeX Info: Redefining \. on input line 823.
LaTeX Info: Redefining \% on input line 823.
[101]

LaTeX Info: Redefining \. on input line 885.
LaTeX Info: Redefining \% on input line 885.
[102]

LaTeX Info: Redefining \. on input line 977.
LaTeX Info: Redefining \% on input line 977.
[103]







LaTeX Info: Redefining \. on input line 1008.
LaTeX Info: Redefining \% on input line 1008.
[104]













LaTeX Info: Redefining \. on input line 1105.
LaTeX Info: Redefining \% on input line 1105.
[105]



















LaTeX Info: Redefining \. on input line 1199.
LaTeX Info: Redefining \% on input line 1199.
[106]

LaTeX Info: Redefining \. on input line 1266.
LaTeX Info: Redefining \% on input line 1266.
[107]

LaTeX Info: Redefining \. on input line 1364.
LaTeX Info: Redefining \% on input line 1364.
[108]

LaTeX Info: Redefining \. on input line 1419.
LaTeX Info: Redefining \% on input line 1419.
[109]) (./apderivadas.tex

LaTeX Info: Redefining \. on input line 1.
LaTeX Info: Redefining \% on input line 1.
[110]
Capítulo 6.
Package hyperref Info: bookmark level for unknown pasos defaults to 0 on input 
line 34.


[111

]

LaTeX Info: Redefining \. on input line 283.
LaTeX Info: Redefining \% on input line 283.
[112]

LaTeX Info: Redefining \. on input line 326.
LaTeX Info: Redefining \% on input line 326.
[113]

LaTeX Info: Redefining \. on input line 372.
LaTeX Info: Redefining \% on input line 372.
[114]

LaTeX Info: Redefining \. on input line 567.
LaTeX Info: Redefining \% on input line 567.
[115]

LaTeX Info: Redefining \. on input line 715.
LaTeX Info: Redefining \% on input line 715.
[116]

LaTeX Info: Redefining \. on input line 715.
LaTeX Info: Redefining \% on input line 715.
[117]

LaTeX Info: Redefining \. on input line 748.
LaTeX Info: Redefining \% on input line 748.
[118]

LaTeX Info: Redefining \. on input line 859.
LaTeX Info: Redefining \% on input line 859.
[119]

LaTeX Info: Redefining \. on input line 1069.
LaTeX Info: Redefining \% on input line 1069.
[120]

LaTeX Info: Redefining \. on input line 1069.
LaTeX Info: Redefining \% on input line 1069.
[121]

LaTeX Info: Redefining \. on input line 1233.
LaTeX Info: Redefining \% on input line 1233.
[122]

LaTeX Info: Redefining \. on input line 1321.
LaTeX Info: Redefining \% on input line 1321.
[123]

LaTeX Info: Redefining \. on input line 1436.
LaTeX Info: Redefining \% on input line 1436.
[124]
Package hyperref Info: bookmark level for unknown lemma defaults to 0 on input 
line 1452.


LaTeX Info: Redefining \. on input line 1455.
LaTeX Info: Redefining \% on input line 1455.
[125]

LaTeX Info: Redefining \. on input line 1560.
LaTeX Info: Redefining \% on input line 1560.
[126]

LaTeX Info: Redefining \. on input line 1632.
LaTeX Info: Redefining \% on input line 1632.
[127]

LaTeX Info: Redefining \. on input line 1741.
LaTeX Info: Redefining \% on input line 1741.
[128]

LaTeX Info: Redefining \. on input line 1818.
LaTeX Info: Redefining \% on input line 1818.
[129]

LaTeX Info: Redefining \. on input line 1875.
LaTeX Info: Redefining \% on input line 1875.
[130]

LaTeX Info: Redefining \. on input line 1949.
LaTeX Info: Redefining \% on input line 1949.
[131]

LaTeX Info: Redefining \. on input line 2065.
LaTeX Info: Redefining \% on input line 2065.
[132]

LaTeX Info: Redefining \. on input line 2130.
LaTeX Info: Redefining \% on input line 2130.
[133]

LaTeX Info: Redefining \. on input line 2250.
LaTeX Info: Redefining \% on input line 2250.
[134]

LaTeX Info: Redefining \. on input line 2347.
LaTeX Info: Redefining \% on input line 2347.
[135]







LaTeX Info: Redefining \. on input line 2426.
LaTeX Info: Redefining \% on input line 2426.
[136]

LaTeX Info: Redefining \. on input line 2591.
LaTeX Info: Redefining \% on input line 2591.
[137]

LaTeX Info: Redefining \. on input line 2752.
LaTeX Info: Redefining \% on input line 2752.
[138]







LaTeX Info: Redefining \. on input line 2876.
LaTeX Info: Redefining \% on input line 2876.
[139])

LaTeX Info: Redefining \. on input line 491.
LaTeX Info: Redefining \% on input line 491.
[140] (./vectoresrn.tex

[141

]

[142

]
Capítulo 7.

Package hyperref Warning: Token not allowed in a PDF string (Unicode):
(hyperref)                removing `math shift' on input line 1.


Package hyperref Warning: Token not allowed in a PDF string (Unicode):
(hyperref)                removing `math shift' on input line 1.



[143]
Package pgfplots info on input line 91: Using 'lua backend=false' for plot 0 (t
ype 'quiver'): plot handler does not support LUA.







Overfull \hbox (5.43478pt too wide) in paragraph at lines 117--118
[][]\TU/TimesNewRoman(0)/b/n/12 De-fi-ni-ción 7.3 \TU/TimesNewRoman(0)/m/n/12 
(Ope-ra-cio-nes con vec-to-res usan-do coor-de-na-das)\TU/TimesNewRoman(0)/b/n/
12 . []\TU/TimesNewRoman(0)/m/n/12 Sean $\TU/TimesNewRoman(0)/b/n/12 u \OT1/cmr
/m/n/12 = (\OML/cmm/m/it/12 u[]; u[]; [] ; u[]\OT1/cmr/m/n/12 )$ \TU/TimesNewRo
man(0)/m/n/12 y $\TU/TimesNewRoman(0)/b/n/12 v \OT1/cmr/m/n/12 = (\OML/cmm/m/it
/12 v[]; v[]; [] ; v[]\OT1/cmr/m/n/12 )$
 []

Package pgfplots info on input line 157: Using 'lua backend=false' for plot 0 (
type 'quiver'): plot handler does not support LUA.
Package pgfplots info on input line 167: Using 'lua backend=false' for plot 1 (
type 'quiver'): plot handler does not support LUA.
Package pgfplots info on input line 177: Using 'lua backend=false' for plot 2 (
type 'quiver'): plot handler does not support LUA.
Package pgfplots info on input line 210: Using 'lua backend=false' for plot 0 (
type 'quiver'): plot handler does not support LUA.
Package pgfplots info on input line 220: Using 'lua backend=false' for plot 1 (
type 'quiver'): plot handler does not support LUA.
Package pgfplots info on input line 230: Using 'lua backend=false' for plot 2 (
type 'quiver'): plot handler does not support LUA.

Overfull \hbox (19.67802pt too wide) in paragraph at lines 236--237
 [][] 
 []







Package pgfplots info on input line 263: Using 'lua backend=false' for plot 0 (
type 'quiver'): plot handler does not support LUA.
Package pgfplots info on input line 273: Using 'lua backend=false' for plot 1 (
type 'quiver'): plot handler does not support LUA.


LaTeX Info: Redefining \. on input line 282.
LaTeX Info: Redefining \% on input line 282.
[144]






Overfull \hbox (48.09457pt too wide) in paragraph at lines 343--344
[][]\TU/TimesNewRoman(0)/b/n/12 De-fi-ni-ción 7.6 \TU/TimesNewRoman(0)/m/n/12 
(Nor-ma de un vec-tor)\TU/TimesNewRoman(0)/b/n/12 . []\TU/TimesNewRoman(0)/m/n/
12 La \TU/TimesNewRoman(0)/b/n/12 nor-ma \TU/TimesNewRoman(0)/m/n/12 de un vec-t
or $\TU/TimesNewRoman(0)/b/n/12 u \OT1/cmr/m/n/12 = (\OML/cmm/m/it/12 u[]; u[]; [] ; u[]\OT1/cmr/m/n/12 )$ \TU/TimesNewRoman(0)/m/n/12 en $\U/msb/m/n/12 R[]$ \TU/TimesNewRoman(0)/m/n/12 es: $\OMS/cmsy/m/n/12 k\TU/TimesNewRoman(0)/b/n/12 u\OMS/cmsy/m/n/12 k \OT1/cmr/m/n/12 = []\OML/cmm/m/it/12 :$ 
 []

Package pgfplots info on input line 368: Using 'lua backend=false' for plot 0 (
type 'quiver'): plot handler does not support LUA.

Overfull \hbox (4.6794pt too wide) in paragraph at lines 381--382
 [][] 
 []









LaTeX Info: Redefining \. on input line 386.
LaTeX Info: Redefining \% on input line 386.
[145]
Package pgfplots info on input line 417: Using 'lua backend=false' for plot 0 (
type 'quiver'): plot handler does not support LUA.
Package pgfplots info on input line 423: Using 'lua backend=false' for plot 1 (
type 'quiver'): plot handler does not support LUA.

Overfull \hbox (4.6794pt too wide) in paragraph at lines 426--427
 [][] 
 []









LaTeX Info: Redefining \. on input line 446.
LaTeX Info: Redefining \% on input line 446.
[146]

LaTeX Info: Redefining \. on input line 528.
LaTeX Info: Redefining \% on input line 528.
[147]

LaTeX Info: Redefining \. on input line 604.
LaTeX Info: Redefining \% on input line 604.
[148]
Overfull \hbox (1.30046pt too wide) detected at line 648
[]
 []









LaTeX Info: Redefining \. on input line 698.
LaTeX Info: Redefining \% on input line 698.
[149]







LaTeX Info: Redefining \. on input line 767.
LaTeX Info: Redefining \% on input line 767.
[150]

LaTeX Info: Redefining \. on input line 838.
LaTeX Info: Redefining \% on input line 838.
[151]






Underfull \hbox (badness 10000) in paragraph at lines 986--987
[]\TU/TimesNewRoman(0)/b/n/12 Pa-so 3. Ecua-cio-nes si-mé-tri-cas. \TU/TimesNe
wRoman(0)/m/n/12 Mul-ti-pli-can-do por $\OT1/cmr/m/n/12 5$\TU/TimesNewRoman(0)/
m/n/12 , las ecua-cio-nes si-mé-tri-cas son
 []



LaTeX Info: Redefining \. on input line 987.
LaTeX Info: Redefining \% on input line 987.
[152]

LaTeX Info: Redefining \. on input line 1094.
LaTeX Info: Redefining \% on input line 1094.
[153]







LaTeX Info: Redefining \. on input line 1155.
LaTeX Info: Redefining \% on input line 1155.
[154]

LaTeX Info: Redefining \. on input line 1201.
LaTeX Info: Redefining \% on input line 1201.
[155]

LaTeX Info: Redefining \. on input line 1275.
LaTeX Info: Redefining \% on input line 1275.
[156]







LaTeX Info: Redefining \. on input line 1363.
LaTeX Info: Redefining \% on input line 1363.
[157]



















LaTeX Info: Redefining \. on input line 1565.
LaTeX Info: Redefining \% on input line 1565.
[158]

LaTeX Info: Redefining \. on input line 1565.
LaTeX Info: Redefining \% on input line 1565.
[159]

LaTeX Info: Redefining \. on input line 1565.
LaTeX Info: Redefining \% on input line 1565.
[160]

LaTeX Info: Redefining \. on input line 1686.
LaTeX Info: Redefining \% on input line 1686.
[161

]

LaTeX Info: Redefining \. on input line 1756.
LaTeX Info: Redefining \% on input line 1756.
[162]

LaTeX Info: Redefining \. on input line 1824.
LaTeX Info: Redefining \% on input line 1824.
[163]

LaTeX Info: Redefining \. on input line 1889.
LaTeX Info: Redefining \% on input line 1889.
[164]

LaTeX Info: Redefining \. on input line 1960.
LaTeX Info: Redefining \% on input line 1960.
[165]

LaTeX Info: Redefining \. on input line 2077.
LaTeX Info: Redefining \% on input line 2077.
[166]

LaTeX Info: Redefining \. on input line 2129.
LaTeX Info: Redefining \% on input line 2129.
[167]

LaTeX Info: Redefining \. on input line 2215.
LaTeX Info: Redefining \% on input line 2215.
[168]

LaTeX Info: Redefining \. on input line 2309.
LaTeX Info: Redefining \% on input line 2309.
[169]

LaTeX Info: Redefining \. on input line 2318.
LaTeX Info: Redefining \% on input line 2318.
[170]









)

LaTeX Info: Redefining \. on input line 497.
LaTeX Info: Redefining \% on input line 497.
[171]

LaTeX Info: Redefining \. on input line 497.
LaTeX Info: Redefining \% on input line 497.
[172

] (./tecintegracion.tex

[173]

[174

]
Capítulo 8.


[175]

LaTeX Info: Redefining \. on input line 124.
LaTeX Info: Redefining \% on input line 124.
[176]
Overfull \hbox (12.22546pt too wide) in paragraph at lines 140--143
\TU/TimesNewRoman(0)/m/n/12 Por de-fi-ni-ción de an-ti-de-ri-va-da, $\OML/cmm/
m/it/12 kF\OT1/cmr/m/n/12 (\OML/cmm/m/it/12 x\OT1/cmr/m/n/12 )$ \TU/TimesNewRom
an(0)/m/n/12 es an-ti-de-ri-va-da de $\OML/cmm/m/it/12 k f\OT1/cmr/m/n/12 (\OML
/cmm/m/it/12 x\OT1/cmr/m/n/12 )$\TU/TimesNewRoman(0)/m/n/12 , lue-go $[] \OML/c
mm/m/it/12 k f\OT1/cmr/m/n/12 (\OML/cmm/m/it/12 x\OT1/cmr/m/n/12 )  \OML/cmm/m/
it/12 dx \OT1/cmr/m/n/12 = \OML/cmm/m/it/12 kF\OT1/cmr/m/n/12 (\OML/cmm/m/it/12
 x\OT1/cmr/m/n/12 ) + \OML/cmm/m/it/12 C \OT1/cmr/m/n/12 = \OML/cmm/m/it/12 k [
] f\OT1/cmr/m/n/12 (\OML/cmm/m/it/12 x\OT1/cmr/m/n/12 )  \OML/cmm/m/it/12 dx$\T
U/TimesNewRoman(0)/m/n/12 . 
 []



[177]

LaTeX Info: Redefining \. on input line 291.
LaTeX Info: Redefining \% on input line 291.
[178]

LaTeX Info: Redefining \. on input line 352.
LaTeX Info: Redefining \% on input line 352.
[179]

LaTeX Info: Redefining \. on input line 425.
LaTeX Info: Redefining \% on input line 425.
[180]

LaTeX Info: Redefining \. on input line 505.
LaTeX Info: Redefining \% on input line 505.
[181]

LaTeX Info: Redefining \. on input line 572.
LaTeX Info: Redefining \% on input line 572.
[182]
Package hyperref Info: bookmark level for unknown wow defaults to 0 on input li
ne 576.


Package hyperref Warning: Token not allowed in a PDF string (Unicode):
(hyperref)                removing `math shift' on input line 640.


Package hyperref Warning: Token not allowed in a PDF string (Unicode):
(hyperref)                removing `\intop' on input line 640.


Package hyperref Warning: Token not allowed in a PDF string (Unicode):
(hyperref)                removing `\ilimits@' on input line 640.


Package hyperref Warning: Token not allowed in a PDF string (Unicode):
(hyperref)                removing `\mathop' on input line 640.


Package hyperref Warning: Token not allowed in a PDF string (Unicode):
(hyperref)                removing `\mathgroup' on input line 640.


Package hyperref Warning: Token not allowed in a PDF string (Unicode):
(hyperref)                removing `\symoperators' on input line 640.


Package hyperref Warning: Token not allowed in a PDF string (Unicode):
(hyperref)                removing `\nolimits' on input line 640.


Package hyperref Warning: Token not allowed in a PDF string (Unicode):
(hyperref)                removing `superscript' on input line 640.


Package hyperref Warning: Token not allowed in a PDF string (Unicode):
(hyperref)                removing `\cos' on input line 640.


Package hyperref Warning: Token not allowed in a PDF string (Unicode):
(hyperref)                removing `superscript' on input line 640.


Package hyperref Warning: Token not allowed in a PDF string (Unicode):
(hyperref)                removing `\leavevmode@ifvmode' on input line 640.


Package hyperref Warning: Token not allowed in a PDF string (Unicode):
(hyperref)                \kern 2.00043pt
(hyperref)                removed on input line 640.


Package hyperref Warning: Token not allowed in a PDF string (Unicode):
(hyperref)                removing `math shift' on input line 640.



LaTeX Info: Redefining \. on input line 647.
LaTeX Info: Redefining \% on input line 647.
[183]

LaTeX Info: Redefining \. on input line 712.
LaTeX Info: Redefining \% on input line 712.
[184]

Package hyperref Warning: Token not allowed in a PDF string (Unicode):
(hyperref)                removing `math shift' on input line 723.


Package hyperref Warning: Token not allowed in a PDF string (Unicode):
(hyperref)                removing `\intop' on input line 723.


Package hyperref Warning: Token not allowed in a PDF string (Unicode):
(hyperref)                removing `\ilimits@' on input line 723.


Package hyperref Warning: Token not allowed in a PDF string (Unicode):
(hyperref)                removing `\tan' on input line 723.


Package hyperref Warning: Token not allowed in a PDF string (Unicode):
(hyperref)                removing `superscript' on input line 723.


Package hyperref Warning: Token not allowed in a PDF string (Unicode):
(hyperref)                removing `\sec' on input line 723.


Package hyperref Warning: Token not allowed in a PDF string (Unicode):
(hyperref)                removing `superscript' on input line 723.


Package hyperref Warning: Token not allowed in a PDF string (Unicode):
(hyperref)                removing `\leavevmode@ifvmode' on input line 723.


Package hyperref Warning: Token not allowed in a PDF string (Unicode):
(hyperref)                \kern 2.00043pt
(hyperref)                removed on input line 723.


Package hyperref Warning: Token not allowed in a PDF string (Unicode):
(hyperref)                removing `math shift' on input line 723.



LaTeX Info: Redefining \. on input line 788.
LaTeX Info: Redefining \% on input line 788.
[185]

Package hyperref Warning: Token not allowed in a PDF string (Unicode):
(hyperref)                removing `math shift' on input line 799.


Package hyperref Warning: Token not allowed in a PDF string (Unicode):
(hyperref)                removing `\mathop' on input line 799.


Package hyperref Warning: Token not allowed in a PDF string (Unicode):
(hyperref)                removing `\mathgroup' on input line 799.


Package hyperref Warning: Token not allowed in a PDF string (Unicode):
(hyperref)                removing `\symoperators' on input line 799.


Package hyperref Warning: Token not allowed in a PDF string (Unicode):
(hyperref)                removing `\nolimits' on input line 799.


Package hyperref Warning: Token not allowed in a PDF string (Unicode):
(hyperref)                removing `\cos' on input line 799.


Package hyperref Warning: Token not allowed in a PDF string (Unicode):
(hyperref)                removing `math shift' on input line 799.


Package hyperref Warning: Token not allowed in a PDF string (Unicode):
(hyperref)                removing `math shift' on input line 799.


Package hyperref Warning: Token not allowed in a PDF string (Unicode):
(hyperref)                removing `\mathop' on input line 799.


Package hyperref Warning: Token not allowed in a PDF string (Unicode):
(hyperref)                removing `\mathgroup' on input line 799.


Package hyperref Warning: Token not allowed in a PDF string (Unicode):
(hyperref)                removing `\symoperators' on input line 799.


Package hyperref Warning: Token not allowed in a PDF string (Unicode):
(hyperref)                removing `\nolimits' on input line 799.


Package hyperref Warning: Token not allowed in a PDF string (Unicode):
(hyperref)                removing `\mathop' on input line 799.


Package hyperref Warning: Token not allowed in a PDF string (Unicode):
(hyperref)                removing `\mathgroup' on input line 799.


Package hyperref Warning: Token not allowed in a PDF string (Unicode):
(hyperref)                removing `\symoperators' on input line 799.


Package hyperref Warning: Token not allowed in a PDF string (Unicode):
(hyperref)                removing `\nolimits' on input line 799.


Package hyperref Warning: Token not allowed in a PDF string (Unicode):
(hyperref)                removing `math shift' on input line 799.


Package hyperref Warning: Token not allowed in a PDF string (Unicode):
(hyperref)                removing `math shift' on input line 799.


Package hyperref Warning: Token not allowed in a PDF string (Unicode):
(hyperref)                removing `\cos' on input line 799.


Package hyperref Warning: Token not allowed in a PDF string (Unicode):
(hyperref)                removing `\cos' on input line 799.


Package hyperref Warning: Token not allowed in a PDF string (Unicode):
(hyperref)                removing `math shift' on input line 799.


Package hyperref Warning: Token not allowed in a PDF string (Unicode):
(hyperref)                removing `math shift' on input line 855.


Package hyperref Warning: Token not allowed in a PDF string (Unicode):
(hyperref)                removing `\@ifnextchar' on input line 855.


Package hyperref Warning: Token not allowed in a PDF string (Unicode):
(hyperref)                removing `superscript' on input line 855.


Package hyperref Warning: Token not allowed in a PDF string (Unicode):
(hyperref)                removing `superscript' on input line 855.


Package hyperref Warning: Token not allowed in a PDF string (Unicode):
(hyperref)                removing `math shift' on input line 855.



LaTeX Info: Redefining \. on input line 875.
LaTeX Info: Redefining \% on input line 875.
[186]

Package hyperref Warning: Token not allowed in a PDF string (Unicode):
(hyperref)                removing `math shift' on input line 920.


Package hyperref Warning: Token not allowed in a PDF string (Unicode):
(hyperref)                removing `\@ifnextchar' on input line 920.


Package hyperref Warning: Token not allowed in a PDF string (Unicode):
(hyperref)                removing `superscript' on input line 920.


Package hyperref Warning: Token not allowed in a PDF string (Unicode):
(hyperref)                removing `superscript' on input line 920.


Package hyperref Warning: Token not allowed in a PDF string (Unicode):
(hyperref)                removing `math shift' on input line 920.



LaTeX Info: Redefining \. on input line 942.
LaTeX Info: Redefining \% on input line 942.
[187]

Package hyperref Warning: Token not allowed in a PDF string (Unicode):
(hyperref)                removing `math shift' on input line 961.


Package hyperref Warning: Token not allowed in a PDF string (Unicode):
(hyperref)                removing `\@ifnextchar' on input line 961.


Package hyperref Warning: Token not allowed in a PDF string (Unicode):
(hyperref)                removing `superscript' on input line 961.


Package hyperref Warning: Token not allowed in a PDF string (Unicode):
(hyperref)                removing `superscript' on input line 961.


Package hyperref Warning: Token not allowed in a PDF string (Unicode):
(hyperref)                removing `math shift' on input line 961.


Overfull \hbox (10.69336pt too wide) in paragraph at lines 1024--1029
\TU/TimesNewRoman(0)/b/it/12 ple-tar el cua-dra-do \TU/TimesNewRoman(0)/m/it/12
 pa-ra re-du-cir-la a una de las tres for-mas es-tán-dar. Por ejem-plo, $[] \O
T1/cmr/m/n/12 = []$
 []



LaTeX Info: Redefining \. on input line 1029.
LaTeX Info: Redefining \% on input line 1029.
[188]

LaTeX Info: Redefining \. on input line 1098.
LaTeX Info: Redefining \% on input line 1098.
[189]

LaTeX Info: Redefining \. on input line 1185.
LaTeX Info: Redefining \% on input line 1185.
[190]

LaTeX Info: Redefining \. on input line 1241.
LaTeX Info: Redefining \% on input line 1241.
[191]











LaTeX Info: Redefining \. on input line 1302.
LaTeX Info: Redefining \% on input line 1302.
[192]












Overfull \hbox (117.2328pt too wide) in paragraph at lines 1346--1347
[][]
 []







) (./intdefinida.tex

LaTeX Info: Redefining \. on input line 1.
LaTeX Info: Redefining \% on input line 1.
[193]

LaTeX Info: Redefining \. on input line 1.
LaTeX Info: Redefining \% on input line 1.
[194

]
Capítulo 9.


[195]

LaTeX Info: Redefining \. on input line 126.
LaTeX Info: Redefining \% on input line 126.
[196]

LaTeX Info: Redefining \. on input line 173.
LaTeX Info: Redefining \% on input line 173.
[197]

LaTeX Info: Redefining \. on input line 214.
LaTeX Info: Redefining \% on input line 214.
[198]

LaTeX Info: Redefining \. on input line 273.
LaTeX Info: Redefining \% on input line 273.
[199]

LaTeX Info: Redefining \. on input line 348.
LaTeX Info: Redefining \% on input line 348.
[200]

LaTeX Info: Redefining \. on input line 423.
LaTeX Info: Redefining \% on input line 423.
[201]

LaTeX Info: Redefining \. on input line 495.
LaTeX Info: Redefining \% on input line 495.
[202]

LaTeX Info: Redefining \. on input line 556.
LaTeX Info: Redefining \% on input line 556.
[203]) (./apintegral.tex

LaTeX Info: Redefining \. on input line 1.
LaTeX Info: Redefining \% on input line 1.
[204]
Capítulo 10.


[205

]
Package pgfplots info on input line 151: fill between: activating layered graph
ics
\pgf@layerbox@axis background=\box153
\pgf@layerboxsaved@axis background=\box154
\pgf@layerbox@axis grid=\box155
\pgf@layerboxsaved@axis grid=\box156
\pgf@layerbox@axis ticks=\box157
\pgf@layerboxsaved@axis ticks=\box158
\pgf@layerbox@axis lines=\box159
\pgf@layerboxsaved@axis lines=\box160
\pgf@layerbox@axis tick labels=\box161
\pgf@layerboxsaved@axis tick labels=\box162
\pgf@layerbox@pre main=\box163
\pgf@layerboxsaved@pre main=\box164
\pgf@layerbox@axis descriptions=\box165
\pgf@layerboxsaved@axis descriptions=\box166
\pgf@layerbox@axis foreground=\box167
\pgf@layerboxsaved@axis foreground=\box168
Package pgfplots info on input line 151: Setting layers 'axis background,axis g
rid,axis ticks,axis lines,axis tick labels,pre main,main,axis descriptions,axis
 foreground'...


LaTeX Info: Redefining \. on input line 169.
LaTeX Info: Redefining \% on input line 169.
[206]
Package pgfplots info on input line 237: fill between: activating layered graph
ics
Package pgfplots info on input line 237: Setting layers 'axis background,axis g
rid,axis ticks,axis lines,axis tick labels,pre main,main,axis descriptions,axis
 foreground'...


LaTeX Info: Redefining \. on input line 256.
LaTeX Info: Redefining \% on input line 256.
[207]
Package pgfplots info on input line 331: fill between: activating layered graph
ics
Package pgfplots info on input line 331: Setting layers 'axis background,axis g
rid,axis ticks,axis lines,axis tick labels,pre main,main,axis descriptions,axis
 foreground'...


LaTeX Info: Redefining \. on input line 365.
LaTeX Info: Redefining \% on input line 365.
[208]
Package pgfplots info on input line 404: Deactivating LUA version of plot expre
ssion for plot 0 (type 'pgfplothandlerlineto'): x expression '\y +2' contains a
 TeX macro.
Package pgfplots info on input line 404: Deactivating LUA version of plot expre
ssion for plot 0 (type 'pgfplothandlerlineto'): y expression ' {\y }' contains 
a TeX macro.
Package pgfplots info on input line 407: Deactivating LUA version of plot expre
ssion for plot 1 (type 'pgfplothandlerlineto'): x expression '\y ^2' contains a
 TeX macro.
Package pgfplots info on input line 407: Deactivating LUA version of plot expre
ssion for plot 1 (type 'pgfplothandlerlineto'): y expression ' {\y }' contains 
a TeX macro.
Package pgfplots info on input line 414: Deactivating LUA version of plot expre
ssion for plot 3 (type 'pgfplothandlerlineto'): x expression '\y ^2' contains a
 TeX macro.
Package pgfplots info on input line 414: Deactivating LUA version of plot expre
ssion for plot 3 (type 'pgfplothandlerlineto'): y expression ' {\y }' contains 
a TeX macro.
Package pgfplots info on input line 418: Deactivating LUA version of plot expre
ssion for plot 4 (type 'pgfplothandlerlineto'): x expression '\y +2' contains a
 TeX macro.
Package pgfplots info on input line 418: Deactivating LUA version of plot expre
ssion for plot 4 (type 'pgfplothandlerlineto'): y expression ' {\y }' contains 
a TeX macro.
Package pgfplots info on input line 424: fill between: activating layered graph
ics
Package pgfplots info on input line 424: Setting layers 'axis background,axis g
rid,axis ticks,axis lines,axis tick labels,pre main,main,axis descriptions,axis
 foreground'...
Package pgfplots info on input line 478: Deactivating LUA version of plot expre
ssion for plot 0 (type 'pgfplothandlerlineto'): x expression '\y +2' contains a
 TeX macro.
Package pgfplots info on input line 478: Deactivating LUA version of plot expre
ssion for plot 0 (type 'pgfplothandlerlineto'): y expression ' {\y }' contains 
a TeX macro.
Package pgfplots info on input line 481: Deactivating LUA version of plot expre
ssion for plot 1 (type 'pgfplothandlerlineto'): x expression '\y ^2' contains a
 TeX macro.
Package pgfplots info on input line 481: Deactivating LUA version of plot expre
ssion for plot 1 (type 'pgfplothandlerlineto'): y expression ' {\y }' contains 
a TeX macro.
Package pgfplots info on input line 487: Deactivating LUA version of plot expre
ssion for plot 3 (type 'pgfplothandlerlineto'): x expression '\y ^2' contains a
 TeX macro.
Package pgfplots info on input line 487: Deactivating LUA version of plot expre
ssion for plot 3 (type 'pgfplothandlerlineto'): y expression ' {\y }' contains 
a TeX macro.
Package pgfplots info on input line 490: Deactivating LUA version of plot expre
ssion for plot 4 (type 'pgfplothandlerlineto'): x expression '\y +2' contains a
 TeX macro.
Package pgfplots info on input line 490: Deactivating LUA version of plot expre
ssion for plot 4 (type 'pgfplothandlerlineto'): y expression ' {\y }' contains 
a TeX macro.
Package pgfplots info on input line 495: fill between: activating layered graph
ics
Package pgfplots info on input line 495: Setting layers 'axis background,axis g
rid,axis ticks,axis lines,axis tick labels,pre main,main,axis descriptions,axis
 foreground'...


LaTeX Info: Redefining \. on input line 511.
LaTeX Info: Redefining \% on input line 511.
[209]

LaTeX Info: Redefining \. on input line 602.
LaTeX Info: Redefining \% on input line 602.
[210]

LaTeX Info: Redefining \. on input line 664.
LaTeX Info: Redefining \% on input line 664.
[211]
LaTeX Font Info:    Font shape `TU/lmss/bx/it' in size <14.4> not available
(Font)              Font shape `TU/lmss/bx/sl' tried instead on input line 668.

Package pgfplots info on input line 732: fill between: activating layered graph
ics
Package pgfplots info on input line 732: Setting layers 'axis background,axis g
rid,axis ticks,axis lines,axis tick labels,pre main,main,axis descriptions,axis
 foreground'...
Package pgfplots info on input line 807: fill between: activating layered graph
ics
Package pgfplots info on input line 807: Setting layers 'axis background,axis g
rid,axis ticks,axis lines,axis tick labels,pre main,main,axis descriptions,axis
 foreground'...


LaTeX Info: Redefining \. on input line 830.
LaTeX Info: Redefining \% on input line 830.
[212]

LaTeX Info: Redefining \. on input line 863.
LaTeX Info: Redefining \% on input line 863.
[213]
Package pgfplots info on input line 917: fill between: activating layered graph
ics
Package pgfplots info on input line 917: Setting layers 'axis background,axis g
rid,axis ticks,axis lines,axis tick labels,pre main,main,axis descriptions,axis
 foreground'...


LaTeX Info: Redefining \. on input line 1024.
LaTeX Info: Redefining \% on input line 1024.
[214]
Overfull \hbox (8.11082pt too wide) in paragraph at lines 1040--1042
[]\TU/TimesNewRoman(0)/m/n/12 Di-vi-di-mos $\OT1/cmr/m/n/12 [\OML/cmm/m/it/12 a;
 b\OT1/cmr/m/n/12 ]$ \TU/TimesNewRoman(0)/m/n/12 en $\OML/cmm/m/it/12 n$ \TU/Ti
mesNewRoman(0)/m/n/12 subin-ter-va-los. La lon-gi-tud del seg-men-to que une $\
OT1/cmr/m/n/12 (\OML/cmm/m/it/12 x[]; f\OT1/cmr/m/n/12 (\OML/cmm/m/it/12 x[]\OT
1/cmr/m/n/12 ))$
 []



LaTeX Info: Redefining \. on input line 1052.
LaTeX Info: Redefining \% on input line 1052.
[215]

LaTeX Info: Redefining \. on input line 1189.
LaTeX Info: Redefining \% on input line 1189.
[216]

LaTeX Info: Redefining \. on input line 1208.
LaTeX Info: Redefining \% on input line 1208.
[217]

LaTeX Info: Redefining \. on input line 1303.
LaTeX Info: Redefining \% on input line 1303.
[218]

LaTeX Info: Redefining \. on input line 1386.
LaTeX Info: Redefining \% on input line 1386.
[219]

LaTeX Info: Redefining \. on input line 1558.
LaTeX Info: Redefining \% on input line 1558.
[220]

LaTeX Info: Redefining \. on input line 1638.
LaTeX Info: Redefining \% on input line 1638.
[221]

LaTeX Info: Redefining \. on input line 1730.
LaTeX Info: Redefining \% on input line 1730.
[222]

LaTeX Info: Redefining \. on input line 1834.
LaTeX Info: Redefining \% on input line 1834.
[223]

LaTeX Info: Redefining \. on input line 1920.
LaTeX Info: Redefining \% on input line 1920.
[224]

LaTeX Info: Redefining \. on input line 2070.
LaTeX Info: Redefining \% on input line 2070.
[225]

LaTeX Info: Redefining \. on input line 2163.
LaTeX Info: Redefining \% on input line 2163.
[226]
Package pgfplots info on input line 2231: fill between: activating layered grap
hics
Package pgfplots info on input line 2231: Setting layers 'axis background,axis 
grid,axis ticks,axis lines,axis tick labels,pre main,main,axis descriptions,axi
s foreground'...
Package pgfplots info on input line 2231: the combination of 'axis on top' and 
'activate layers' implies 'set layers=axis on top'. Deactivate 'axis on top' if
 you want other layers.
Package pgfplots info on input line 2231: Setting layers 'axis background,pre m
ain,main,axis grid,axis ticks,axis lines,axis tick labels,axis descriptions,axi
s foreground'...


LaTeX Info: Redefining \. on input line 2242.
LaTeX Info: Redefining \% on input line 2242.
[227]
Package pgfplots info on input line 2275: fill between: activating layered grap
hics
Package pgfplots info on input line 2275: Setting layers 'axis background,axis 
grid,axis ticks,axis lines,axis tick labels,pre main,main,axis descriptions,axi
s foreground'...
Package pgfplots info on input line 2275: the combination of 'axis on top' and 
'activate layers' implies 'set layers=axis on top'. Deactivate 'axis on top' if
 you want other layers.
Package pgfplots info on input line 2275: Setting layers 'axis background,pre m
ain,main,axis grid,axis ticks,axis lines,axis tick labels,axis descriptions,axi
s foreground'...


LaTeX Info: Redefining \. on input line 2325.
LaTeX Info: Redefining \% on input line 2325.
[228]

LaTeX Info: Redefining \. on input line 2416.
LaTeX Info: Redefining \% on input line 2416.
[229]) (./impropias.tex

LaTeX Info: Redefining \. on input line 14.
LaTeX Info: Redefining \% on input line 14.
[230]
Capítulo 11.


[231

]
Package pgfplots info on input line 151: fill between: activating layered graph
ics
Package pgfplots info on input line 151: Setting layers 'axis background,axis g
rid,axis ticks,axis lines,axis tick labels,pre main,main,axis descriptions,axis
 foreground'...


LaTeX Info: Redefining \. on input line 185.
LaTeX Info: Redefining \% on input line 185.
[232]
Package pgfplots info on input line 220: fill between: activating layered graph
ics
Package pgfplots info on input line 220: Setting layers 'axis background,axis g
rid,axis ticks,axis lines,axis tick labels,pre main,main,axis descriptions,axis
 foreground'...


[233]

LaTeX Info: Redefining \. on input line 271.
LaTeX Info: Redefining \% on input line 271.
[234]
Package pgfplots info on input line 334: fill between: activating layered graph
ics
Package pgfplots info on input line 334: Setting layers 'axis background,axis g
rid,axis ticks,axis lines,axis tick labels,pre main,main,axis descriptions,axis
 foreground'...


LaTeX Info: Redefining \. on input line 361.
LaTeX Info: Redefining \% on input line 361.
[235]
Package pgfplots info on input line 440: fill between: activating layered graph
ics
Package pgfplots info on input line 440: Setting layers 'axis background,axis g
rid,axis ticks,axis lines,axis tick labels,pre main,main,axis descriptions,axis
 foreground'...


LaTeX Info: Redefining \. on input line 491.
LaTeX Info: Redefining \% on input line 491.
[236]

LaTeX Info: Redefining \. on input line 504.
LaTeX Info: Redefining \% on input line 504.
[237]
Package pgfplots info on input line 568: Using 'lua backend=false' for plot 0 (
type 'pgfplothandlerlineto'): LUA does not support y filter (yet).
Package pgfplots info on input line 575: fill between: activating layered graph
ics
Package pgfplots info on input line 575: Setting layers 'axis background,axis g
rid,axis ticks,axis lines,axis tick labels,pre main,main,axis descriptions,axis
 foreground'...


LaTeX Info: Redefining \. on input line 599.
LaTeX Info: Redefining \% on input line 599.
[238]
Package pgfplots info on input line 631: Using 'lua backend=false' for plot 0 (
type 'pgfplothandlerlineto'): LUA does not support y filter (yet).
Package pgfplots info on input line 634: Using 'lua backend=false' for plot 1 (
type 'pgfplothandlerlineto'): LUA does not support y filter (yet).
Package pgfplots info on input line 646: fill between: activating layered graph
ics
Package pgfplots info on input line 646: Setting layers 'axis background,axis g
rid,axis ticks,axis lines,axis tick labels,pre main,main,axis descriptions,axis
 foreground'...


LaTeX Info: Redefining \. on input line 680.
LaTeX Info: Redefining \% on input line 680.
[239]

LaTeX Info: Redefining \. on input line 695.
LaTeX Info: Redefining \% on input line 695.
[240]
Package pgfplots info on input line 741: fill between: activating layered graph
ics
Package pgfplots info on input line 741: Setting layers 'axis background,axis g
rid,axis ticks,axis lines,axis tick labels,pre main,main,axis descriptions,axis
 foreground'...

Underfull \hbox (badness 2012) in paragraph at lines 751--754
[]\TU/TimesNewRoman(0)/b/n/12 Su-per-fi-cie \TU/TimesNewRoman(0)/m/n/12 (fór-mu
-la de área de su-per-fi-cie de re-vo-lu-ción, con $\OML/cmm/m/it/12 f[]\OT1/
cmr/m/n/12 (\OML/cmm/m/it/12 x\OT1/cmr/m/n/12 ) = \OMS/cmsy/m/n/12 ^^@\OML/cmm/
m/it/12 x[]$\TU/TimesNewRoman(0)/m/n/12 ): $\OML/cmm/m/it/12 dS \OT1/cmr/m/n/12
 =
 []



LaTeX Info: Redefining \. on input line 781.
LaTeX Info: Redefining \% on input line 781.
[241]

LaTeX Info: Redefining \. on input line 833.
LaTeX Info: Redefining \% on input line 833.
[242]

LaTeX Info: Redefining \. on input line 897.
LaTeX Info: Redefining \% on input line 897.
[243]

LaTeX Info: Redefining \. on input line 972.
LaTeX Info: Redefining \% on input line 972.
[244]) (./polares.tex

LaTeX Info: Redefining \. on input line 3.
LaTeX Info: Redefining \% on input line 3.
[245]

LaTeX Info: Redefining \. on input line 3.
LaTeX Info: Redefining \% on input line 3.
[246

]
Capítulo 12.


[247]

LaTeX Info: Redefining \. on input line 154.
LaTeX Info: Redefining \% on input line 154.
[248]
Package pgfplots info on input line 219: fill between: activating layered graph
ics
Package pgfplots info on input line 219: Setting layers 'axis background,axis g
rid,axis ticks,axis lines,axis tick labels,pre main,main,axis descriptions,axis
 foreground'...


LaTeX Info: Redefining \. on input line 252.
LaTeX Info: Redefining \% on input line 252.
[249]

LaTeX Info: Redefining \. on input line 263.
LaTeX Info: Redefining \% on input line 263.
[250]

LaTeX Info: Redefining \. on input line 368.
LaTeX Info: Redefining \% on input line 368.
[251]

LaTeX Info: Redefining \. on input line 446.
LaTeX Info: Redefining \% on input line 446.
[252]

LaTeX Info: Redefining \. on input line 536.
LaTeX Info: Redefining \% on input line 536.
[253]
Package pgfplots info on input line 597: Deactivating LUA version of plot expre
ssion for plot 0 (type 'pgfplothandlerlineto'): x expression '(1+cos(\x ))*cos(
\x )' contains a TeX macro.
Package pgfplots info on input line 597: Deactivating LUA version of plot expre
ssion for plot 0 (type 'pgfplothandlerlineto'): y expression ' {(1+cos(\x ))*si
n(\x )}' contains a TeX macro.
Package pgfplots info on input line 651: Deactivating LUA version of plot expre
ssion for plot 0 (type 'pgfplothandlerlineto'): x expression 'cos(3*\x )*cos(\x
 )' contains a TeX macro.
Package pgfplots info on input line 651: Deactivating LUA version of plot expre
ssion for plot 0 (type 'pgfplothandlerlineto'): y expression ' {cos(3*\x )*sin(
\x )}' contains a TeX macro.
Package pgfplots info on input line 653: Deactivating LUA version of plot expre
ssion for plot 1 (type 'pgfplothandlerlineto'): x expression 'cos(3*\x )*cos(\x
 )' contains a TeX macro.
Package pgfplots info on input line 653: Deactivating LUA version of plot expre
ssion for plot 1 (type 'pgfplothandlerlineto'): y expression ' {cos(3*\x )*sin(
\x )}' contains a TeX macro.
Package pgfplots info on input line 669: Deactivating LUA version of plot expre
ssion for plot 0 (type 'pgfplothandlerlineto'): x expression 'cos(2*\x )*cos(\x
 )' contains a TeX macro.
Package pgfplots info on input line 669: Deactivating LUA version of plot expre
ssion for plot 0 (type 'pgfplothandlerlineto'): y expression ' {cos(2*\x )*sin(
\x )}' contains a TeX macro.
Package pgfplots info on input line 724: Deactivating LUA version of plot expre
ssion for plot 0 (type 'pgfplothandlerlineto'): x expression 'sqrt(cos(2*\x ))*
cos(\x )' contains a TeX macro.
Package pgfplots info on input line 724: Deactivating LUA version of plot expre
ssion for plot 0 (type 'pgfplothandlerlineto'): y expression ' {sqrt(cos(2*\x )
)*sin(\x )}' contains a TeX macro.
Package pgfplots info on input line 729: Deactivating LUA version of plot expre
ssion for plot 1 (type 'pgfplothandlerlineto'): x expression 'sqrt(cos(2*\x ))*
cos(\x )' contains a TeX macro.
Package pgfplots info on input line 729: Deactivating LUA version of plot expre
ssion for plot 1 (type 'pgfplothandlerlineto'): y expression ' {sqrt(cos(2*\x )
)*sin(\x )}' contains a TeX macro.


LaTeX Info: Redefining \. on input line 821.
LaTeX Info: Redefining \% on input line 821.
[254]

LaTeX Info: Redefining \. on input line 821.
LaTeX Info: Redefining \% on input line 821.
[255]

LaTeX Info: Redefining \. on input line 821.
LaTeX Info: Redefining \% on input line 821.
[256]
Package pgfplots info on input line 885: fill between: activating layered graph
ics
Package pgfplots info on input line 885: Setting layers 'axis background,axis g
rid,axis ticks,axis lines,axis tick labels,pre main,main,axis descriptions,axis
 foreground'...


Package pgf Warning: fill between skipped: the soft-clipped second input path i
s empty. on input line 885.



LaTeX Info: Redefining \. on input line 914.
LaTeX Info: Redefining \% on input line 914.
[257]
Package pgfplots info on input line 945: Deactivating LUA version of plot expre
ssion for plot 0 (type 'pgfplothandlerlineto'): x expression '(1+cos(\x ))*cos(
\x )' contains a TeX macro.
Package pgfplots info on input line 945: Deactivating LUA version of plot expre
ssion for plot 0 (type 'pgfplothandlerlineto'): y expression ' {(1+cos(\x ))*si
n(\x )}' contains a TeX macro.
Package pgfplots info on input line 948: Deactivating LUA version of plot expre
ssion for plot 1 (type 'pgfplothandlerlineto'): x expression '(1-sin(\x ))*cos(
\x )' contains a TeX macro.
Package pgfplots info on input line 948: Deactivating LUA version of plot expre
ssion for plot 1 (type 'pgfplothandlerlineto'): y expression ' {(1-sin(\x ))*si
n(\x )}' contains a TeX macro.


LaTeX Info: Redefining \. on input line 1008.
LaTeX Info: Redefining \% on input line 1008.
[258]

LaTeX Info: Redefining \. on input line 1161.
LaTeX Info: Redefining \% on input line 1161.
[259]

LaTeX Info: Redefining \. on input line 1161.
LaTeX Info: Redefining \% on input line 1161.
[260]

LaTeX Info: Redefining \. on input line 1218.
LaTeX Info: Redefining \% on input line 1218.
[261])

LaTeX Info: Redefining \. on input line 507.
LaTeX Info: Redefining \% on input line 507.
[262] (./matrices.tex

[263

]

[264

]
Capítulo 13.


[265]
Overfull \hbox (26.89507pt too wide) in paragraph at lines 94--100
[][]\TU/TimesNewRoman(0)/b/n/12 Ejem-plo 13.11 \TU/TimesNewRoman(0)/m/n/12 (Ope-
ra-cio-nes con ma-tri-ces y com-pa-ti-bi-li-dad de ta-ma-ños)\TU/TimesNewRoman
(0)/b/n/12 . []\TU/TimesNewRoman(0)/m/n/12 Da-das las ma-tri-ces $\OML/cmm/m/it
/12 A \OT1/cmr/m/n/12 = [] \OML/cmm/m/it/12 ;  B \OT1/cmr/m/n/12 =
 []
























Overfull \hbox (31.15913pt too wide) detected at line 137
 $\OT1/cmr/m/n/12 (\OML/cmm/m/it/12 a\OT1/cmr/m/n/12 )  \OML/cmm/m/it/12 AB \OT
1/cmr/m/n/12 = [] \OML/cmm/m/it/12 ;  \OT1/cmr/m/n/12 (\OML/cmm/m/it/12 h\OT1/c
mr/m/n/12 )  \OML/cmm/m/it/12 DC \OT1/cmr/m/n/12 = [] \OML/cmm/m/it/12 ;  \OT1/
cmr/m/n/12 (\OML/cmm/m/it/12 i\OT1/cmr/m/n/12 )  \OML/cmm/m/it/12 CD \OT1/cmr/m
/n/12 = []$ 
 []



LaTeX Info: Redefining \. on input line 148.
LaTeX Info: Redefining \% on input line 148.
[266]

LaTeX Info: Redefining \. on input line 233.
LaTeX Info: Redefining \% on input line 233.
[267]
Overfull \hbox (3.80061pt too wide) detected at line 284
[]
 []



LaTeX Info: Redefining \. on input line 312.
LaTeX Info: Redefining \% on input line 312.
[268]

LaTeX Info: Redefining \. on input line 400.
LaTeX Info: Redefining \% on input line 400.
[269]

LaTeX Info: Redefining \. on input line 434.
LaTeX Info: Redefining \% on input line 434.
[270]

LaTeX Info: Redefining \. on input line 493.
LaTeX Info: Redefining \% on input line 493.
[271]

LaTeX Info: Redefining \. on input line 585.
LaTeX Info: Redefining \% on input line 585.
[272]

LaTeX Info: Redefining \. on input line 650.
LaTeX Info: Redefining \% on input line 650.
[273]
Overfull \hbox (2.5029pt too wide) in paragraph at lines 703--716
[][]\TU/TimesNewRoman(0)/b/n/12 Ejem-plo 13.49 \TU/TimesNewRoman(0)/m/n/12 (Re-d
uc-ción a for-ma es-ca-lo-na-da re-du-ci-da por Gauss-Jordan)\TU/TimesNewRoman
(0)/b/n/12 . []\TU/TimesNewRoman(0)/m/n/12 Con-ti-nuan-do con $\OML/cmm/m/it/12
 A \OT1/cmr/m/n/12 = []$\TU/TimesNewRoman(0)/m/n/12 ,
 []



LaTeX Info: Redefining \. on input line 716.
LaTeX Info: Redefining \% on input line 716.
[274]

LaTeX Info: Redefining \. on input line 770.
LaTeX Info: Redefining \% on input line 770.
[275]

LaTeX Info: Redefining \. on input line 843.
LaTeX Info: Redefining \% on input line 843.
[276]

LaTeX Info: Redefining \. on input line 926.
LaTeX Info: Redefining \% on input line 926.
[277]

LaTeX Info: Redefining \. on input line 956.
LaTeX Info: Redefining \% on input line 956.
[278]

LaTeX Info: Redefining \. on input line 1041.
LaTeX Info: Redefining \% on input line 1041.
[279]

LaTeX Info: Redefining \. on input line 1130.
LaTeX Info: Redefining \% on input line 1130.
[280]
Overfull \hbox (41.77481pt too wide) in paragraph at lines 1186--1188
\TU/TimesNewRoman(0)/m/it/12 don-de $\OML/cmm/m/it/12 C[]$ \TU/TimesNewRoman(0)
/m/it/12 y $\OML/cmm/m/it/12 C[]$ \TU/TimesNewRoman(0)/m/it/12 son los co-fac-to
-res co-rres-pon-dien-tes. Es-te re-sul-ta-do se de-mues-tra en el Teo-re-ma 4.5
 de [[]],
 []


Overfull \hbox (8.47424pt too wide) in paragraph at lines 1192--1199
[][]\TU/TimesNewRoman(0)/b/n/12 Ejem-plo 13.66 \TU/TimesNewRoman(0)/m/n/12 (Ex-p
an-sión por co-fac-to-res en co-lum-na 2)\TU/TimesNewRoman(0)/b/n/12 . []\TU/T
imesNewRoman(0)/m/n/12 Cal-cu-lar el de-ter-mi-nan-te de la ma-triz $\OML/cmm/m
/it/12 A \OT1/cmr/m/n/12 = []$
 []



LaTeX Info: Redefining \. on input line 1220.
LaTeX Info: Redefining \% on input line 1220.
[281]

LaTeX Info: Redefining \. on input line 1334.
LaTeX Info: Redefining \% on input line 1334.
[282]

LaTeX Info: Redefining \. on input line 1401.
LaTeX Info: Redefining \% on input line 1401.
[283]
Overfull \hbox (5.32976pt too wide) in paragraph at lines 1453--1454
[]\TU/TimesNewRoman(0)/b/it/12 In-ter-cam-bio de fi-las: \TU/TimesNewRoman(0)/m
/it/12 Si $\OML/cmm/m/it/12 B$ \TU/TimesNewRoman(0)/m/it/12 se ob-tie-ne de $\O
ML/cmm/m/it/12 A$ \TU/TimesNewRoman(0)/m/it/12 in-ter-cam-bian-do dos fi-las dis
-tin-tas, en-ton-ces $[]\OT1/cmr/m/n/12 (\OML/cmm/m/it/12 B\OT1/cmr/m/n/12 ) = 
\OMS/cmsy/m/n/12 ^^@ []\OT1/cmr/m/n/12 (\OML/cmm/m/it/12 A\OT1/cmr/m/n/12 )$\TU
/TimesNewRoman(0)/m/it/12 . 
 []



LaTeX Info: Redefining \. on input line 1465.
LaTeX Info: Redefining \% on input line 1465.
[284]

LaTeX Info: Redefining \. on input line 1518.
LaTeX Info: Redefining \% on input line 1518.
[285]

LaTeX Info: Redefining \. on input line 1586.
LaTeX Info: Redefining \% on input line 1586.
[286]

LaTeX Info: Redefining \. on input line 1648.
LaTeX Info: Redefining \% on input line 1648.
[287]

LaTeX Info: Redefining \. on input line 1722.
LaTeX Info: Redefining \% on input line 1722.
[288]

LaTeX Info: Redefining \. on input line 1774.
LaTeX Info: Redefining \% on input line 1774.
[289]

LaTeX Info: Redefining \. on input line 1864.
LaTeX Info: Redefining \% on input line 1864.
[290]

LaTeX Info: Redefining \. on input line 2026.
LaTeX Info: Redefining \% on input line 2026.
[291]

LaTeX Info: Redefining \. on input line 2112.
LaTeX Info: Redefining \% on input line 2112.
[292]

LaTeX Info: Redefining \. on input line 2197.
LaTeX Info: Redefining \% on input line 2197.
[293]

LaTeX Info: Redefining \. on input line 2276.
LaTeX Info: Redefining \% on input line 2276.
[294]
Underfull \hbox (badness 10000) in paragraph at lines 2311--2319
[]\TU/TimesNewRoman(0)/m/n/12 La ma-triz de ven-ta de fru-ta en to-tal es $[] \
OT1/cmr/m/n/12 = [] [] =
 []



LaTeX Info: Redefining \. on input line 2351.
LaTeX Info: Redefining \% on input line 2351.
[295]







LaTeX Info: Redefining \. on input line 2546.
LaTeX Info: Redefining \% on input line 2546.
[296]

LaTeX Info: Redefining \. on input line 2593.
LaTeX Info: Redefining \% on input line 2593.
[297]

LaTeX Info: Redefining \. on input line 2687.
LaTeX Info: Redefining \% on input line 2687.
[298]

LaTeX Info: Redefining \. on input line 2771.
LaTeX Info: Redefining \% on input line 2771.
[299]







LaTeX Info: Redefining \. on input line 2850.
LaTeX Info: Redefining \% on input line 2850.
[300]

LaTeX Info: Redefining \. on input line 2890.
LaTeX Info: Redefining \% on input line 2890.
[301]









LaTeX Info: Redefining \. on input line 2976.
LaTeX Info: Redefining \% on input line 2976.
[302]

LaTeX Info: Redefining \. on input line 3059.
LaTeX Info: Redefining \% on input line 3059.
[303]

LaTeX Info: Redefining \. on input line 3167.
LaTeX Info: Redefining \% on input line 3167.
[304]

LaTeX Info: Redefining \. on input line 3301.
LaTeX Info: Redefining \% on input line 3301.
[305]

LaTeX Info: Redefining \. on input line 3301.
LaTeX Info: Redefining \% on input line 3301.
[306]

LaTeX Info: Redefining \. on input line 3347.
LaTeX Info: Redefining \% on input line 3347.
[307]) (./sel.tex

LaTeX Info: Redefining \. on input line 1.
LaTeX Info: Redefining \% on input line 1.
[308]
Capítulo 14.


[309

]

LaTeX Info: Redefining \. on input line 91.
LaTeX Info: Redefining \% on input line 91.
[310]

LaTeX Info: Redefining \. on input line 298.
LaTeX Info: Redefining \% on input line 298.
[311]

LaTeX Info: Redefining \. on input line 340.
LaTeX Info: Redefining \% on input line 340.
[312]

Package pgfplots Warning: the ticklabel anchor cannot be determined, the normal
 vector -(0.62912pt,-0.77728pt) and the unit x vector (0.95052pt,-0.31087pt) ar
e almost parallel (abs(cos(angle)) = 0.8396pt)! on input line 382.

 [warning /pgfplots/warning/ticklabel anchor undetermined]

Package pgfplots Warning: the ticklabel anchor cannot be determined, the normal
 vector -(0.62912pt,-0.77728pt) and the unit x vector (0.95052pt,-0.31087pt) ar
e almost parallel (abs(cos(angle)) = 0.8396pt)! on input line 382.

 [warning /pgfplots/warning/ticklabel anchor undetermined]

Package pgfplots Warning: the ticklabel anchor cannot be determined, the normal
 vector -(0.62912pt,-0.77728pt) and the unit x vector (0.95052pt,-0.31087pt) ar
e almost parallel (abs(cos(angle)) = 0.8396pt)! on input line 414.

 [warning /pgfplots/warning/ticklabel anchor undetermined]

Package pgfplots Warning: the ticklabel anchor cannot be determined, the normal
 vector -(0.62912pt,-0.77728pt) and the unit x vector (0.95052pt,-0.31087pt) ar
e almost parallel (abs(cos(angle)) = 0.8396pt)! on input line 414.

 [warning /pgfplots/warning/ticklabel anchor undetermined]

Package pgfplots Warning: the ticklabel anchor cannot be determined, the normal
 vector -(0.62912pt,-0.77728pt) and the unit x vector (0.95052pt,-0.31087pt) ar
e almost parallel (abs(cos(angle)) = 0.8396pt)! on input line 443.

 [warning /pgfplots/warning/ticklabel anchor undetermined]

Package pgfplots Warning: the ticklabel anchor cannot be determined, the normal
 vector -(0.62912pt,-0.77728pt) and the unit x vector (0.95052pt,-0.31087pt) ar
e almost parallel (abs(cos(angle)) = 0.8396pt)! on input line 443.

 [warning /pgfplots/warning/ticklabel anchor undetermined]


LaTeX Info: Redefining \. on input line 466.
LaTeX Info: Redefining \% on input line 466.
[313]
Overfull \hbox (54.4409pt too wide) in paragraph at lines 486--491
[][]\TU/TimesNewRoman(0)/b/n/12 Ejem-plo 14.12 \TU/TimesNewRoman(0)/m/n/12 (Sis-
te-ma ho-mo-gé-neo $\OT1/cmr/m/n/12 3 \OMS/cmsy/m/n/12  \OT1/cmr/m/n/12 4$ \T
U/TimesNewRoman(0)/m/n/12 con va-ria-ble li-bre)\TU/TimesNewRoman(0)/b/n/12 . [
]\TU/TimesNewRoman(0)/m/n/12 Da-do el sis-te-ma de ecua-cio-nes $[]$ 
 []



LaTeX Info: Redefining \. on input line 541.
LaTeX Info: Redefining \% on input line 541.
[314]

LaTeX Info: Redefining \. on input line 623.
LaTeX Info: Redefining \% on input line 623.
[315]

LaTeX Info: Redefining \. on input line 687.
LaTeX Info: Redefining \% on input line 687.
[316]

LaTeX Info: Redefining \. on input line 737.
LaTeX Info: Redefining \% on input line 737.
[317]

LaTeX Info: Redefining \. on input line 793.
LaTeX Info: Redefining \% on input line 793.
[318]

LaTeX Info: Redefining \. on input line 847.
LaTeX Info: Redefining \% on input line 847.
[319]
Overfull \vbox (14.50684pt too high) has occurred while \output is active []


Overfull \vbox (14.50684pt too high) has occurred while \output is active []







LaTeX Info: Redefining \. on input line 970.
LaTeX Info: Redefining \% on input line 970.
[320]







LaTeX Info: Redefining \. on input line 1034.
LaTeX Info: Redefining \% on input line 1034.
[321]

LaTeX Info: Redefining \. on input line 1174.
LaTeX Info: Redefining \% on input line 1174.
[322]

LaTeX Info: Redefining \. on input line 1243.
LaTeX Info: Redefining \% on input line 1243.
[323]

LaTeX Info: Redefining \. on input line 1337.
LaTeX Info: Redefining \% on input line 1337.
[324]

LaTeX Info: Redefining \. on input line 1420.
LaTeX Info: Redefining \% on input line 1420.
[325]

LaTeX Info: Redefining \. on input line 1502.
LaTeX Info: Redefining \% on input line 1502.
[326]







LaTeX Info: Redefining \. on input line 1607.
LaTeX Info: Redefining \% on input line 1607.
[327]
Overfull \hbox (86.31685pt too wide) in paragraph at lines 1628--1629
[]\TU/TimesNewRoman(0)/b/n/12 Pa-so 2. Ejem-plo. \TU/TimesNewRoman(0)/m/n/12 Con
-si-de-re-mos un ejem-plo es-pe-cí-fi-co: $[]\OML/cmm/m/it/12 :$ 
 []



LaTeX Info: Redefining \. on input line 1648.
LaTeX Info: Redefining \% on input line 1648.
[328]
Overfull \hbox (32.33833pt too wide) in paragraph at lines 1656--1657
[]\TU/TimesNewRoman(0)/b/n/12 Pa-so 2. Ejem-plo. \TU/TimesNewRoman(0)/m/n/12 Con
-si-de-re-mos el ejem-plo: $[]\OML/cmm/m/it/12 :$ 
 []


Overfull \hbox (60.33841pt too wide) in paragraph at lines 1677--1678
[]\TU/TimesNewRoman(0)/b/n/12 Pa-so 2. Ejem-plo. \TU/TimesNewRoman(0)/m/n/12 Con
-si-de-re-mos el ejem-plo: $[]\OML/cmm/m/it/12 :$ 
 []



LaTeX Info: Redefining \. on input line 1714.
LaTeX Info: Redefining \% on input line 1714.
[329]

LaTeX Font Warning: Command \scriptsize invalid in math mode on input line 1759
.


LaTeX Font Warning: Command \scriptsize invalid in math mode on input line 1759
.


LaTeX Font Warning: Command \scriptsize invalid in math mode on input line 1759
.


LaTeX Font Warning: Command \scriptsize invalid in math mode on input line 1759
.



LaTeX Info: Redefining \. on input line 1803.
LaTeX Info: Redefining \% on input line 1803.
[330]

LaTeX Info: Redefining \. on input line 1897.
LaTeX Info: Redefining \% on input line 1897.
[331]

LaTeX Info: Redefining \. on input line 2028.
LaTeX Info: Redefining \% on input line 2028.
[332]

LaTeX Info: Redefining \. on input line 2028.
LaTeX Info: Redefining \% on input line 2028.
[333]

LaTeX Info: Redefining \. on input line 2105.
LaTeX Info: Redefining \% on input line 2105.
[334]

LaTeX Info: Redefining \. on input line 2217.
LaTeX Info: Redefining \% on input line 2217.
[335]
Underfull \hbox (badness 3281) in paragraph at lines 2271--2273
[]\TU/TimesNewRoman(0)/b/n/12 Pa-so 3. Con-clu-sión. \TU/TimesNewRoman(0)/m/n/
12 Por sus-ti-tu-ción ha-cia atrás: $\OML/cmm/m/it/12 c \OT1/cmr/m/n/12 = 0$\
TU/TimesNewRoman(0)/m/n/12 , $\OML/cmm/m/it/12 b \OT1/cmr/m/n/12 = 0$\TU/TimesN
ewRoman(0)/m/n/12 , $\OML/cmm/m/it/12 a \OT1/cmr/m/n/12 = 1$\TU/TimesNewRoman(0
)/m/n/12 . Por tan-to:
 []


Underfull \hbox (badness 2556) in paragraph at lines 2319--2321
[]\TU/TimesNewRoman(0)/b/n/12 Pa-so 3. Con-clu-sión. \TU/TimesNewRoman(0)/m/n/
12 Por sus-ti-tu-ción ha-cia atrás: $\OML/cmm/m/it/12 c \OT1/cmr/m/n/12 = 1$\
TU/TimesNewRoman(0)/m/n/12 , $\OML/cmm/m/it/12 b \OT1/cmr/m/n/12 = \OMS/cmsy/m/
n/12 ^^@\OT1/cmr/m/n/12 1$\TU/TimesNewRoman(0)/m/n/12 , $\OML/cmm/m/it/12 a \OT
1/cmr/m/n/12 = 2$\TU/TimesNewRoman(0)/m/n/12 . Por tan-to:
 []



LaTeX Info: Redefining \. on input line 2321.
LaTeX Info: Redefining \% on input line 2321.
[336]
Underfull \hbox (badness 1215) in paragraph at lines 2379--2385
[][]\TU/TimesNewRoman(0)/b/n/12 So-lu-ción:[] Pa-so 1. Ma-triz de co-efi-cien-t
es con $\OML/cmm/m/it/12  \OT1/cmr/m/n/12 = \OML/cmm/m/it/12 $\TU/TimesNewRom
an(0)/b/n/12 . \TU/TimesNewRoman(0)/m/n/12 La ma-triz de co-efi-cien-tes es: $\
OML/cmm/m/it/12 A \OT1/cmr/m/n/12 =
 []



LaTeX Info: Redefining \. on input line 2408.
LaTeX Info: Redefining \% on input line 2408.
[337]
Overfull \hbox (58.47565pt too wide) in paragraph at lines 2445--2454
[]\TU/TimesNewRoman(0)/b/n/12 Pa-so 2. Eli-mi-na-ción gaus-sia-na. \TU/TimesNe
wRoman(0)/m/n/12 Ma-triz au-men-ta-da ini-cial: $[]$ 
 []


Underfull \hbox (badness 1490) in paragraph at lines 2455--2464
[]\TU/TimesNewRoman(0)/m/n/12 Apli-can-do eli-mi-na-ción gaus-sia-na com-ple-ta
, la \TU/TimesNewRoman(0)/b/n/12 ma-triz fi-nal en for-ma es-ca-lo-na-da re-du-c
i-da \TU/TimesNewRoman(0)/m/n/12 es:
 []



LaTeX Info: Redefining \. on input line 2477.
LaTeX Info: Redefining \% on input line 2477.
[338]
Underfull \hbox (badness 10000) in paragraph at lines 2500--2504
[]\TU/TimesNewRoman(0)/b/n/12 Pa-so 2. Eli-mi-na-ción gaus-sia-na. \TU/TimesNe
wRoman(0)/m/n/12 Apli-can-do eli-mi-na-ción gaus-sia-na a la ma-triz au-men-ta-
da:
 []



LaTeX Info: Redefining \. on input line 2663.
LaTeX Info: Redefining \% on input line 2663.
[339]

LaTeX Info: Redefining \. on input line 2663.
LaTeX Info: Redefining \% on input line 2663.
[340]







LaTeX Info: Redefining \. on input line 2847.
LaTeX Info: Redefining \% on input line 2847.
[341]

LaTeX Info: Redefining \. on input line 2847.
LaTeX Info: Redefining \% on input line 2847.
[342]















LaTeX Info: Redefining \. on input line 2941.
LaTeX Info: Redefining \% on input line 2941.
[343]















LaTeX Info: Redefining \. on input line 3067.
LaTeX Info: Redefining \% on input line 3067.
[344]







LaTeX Info: Redefining \. on input line 3168.
LaTeX Info: Redefining \% on input line 3168.
[345]) (./espaciosvectoriales.tex

LaTeX Info: Redefining \. on input line 1.
LaTeX Info: Redefining \% on input line 1.
[346]
Capítulo 15.


[347

]

LaTeX Info: Redefining \. on input line 164.
LaTeX Info: Redefining \% on input line 164.
[348]

LaTeX Info: Redefining \. on input line 164.
LaTeX Info: Redefining \% on input line 164.
[349]

LaTeX Info: Redefining \. on input line 214.
LaTeX Info: Redefining \% on input line 214.
[350]







LaTeX Info: Redefining \. on input line 280.
LaTeX Info: Redefining \% on input line 280.
[351]

LaTeX Info: Redefining \. on input line 317.
LaTeX Info: Redefining \% on input line 317.
[352]

LaTeX Font Warning: Command \scriptsize invalid in math mode on input line 351.



LaTeX Font Warning: Command \scriptsize invalid in math mode on input line 351.




LaTeX Info: Redefining \. on input line 373.
LaTeX Info: Redefining \% on input line 373.
[353]
Overfull \hbox (45.68866pt too wide) in paragraph at lines 379--380
\OML/cmm/m/it/12 v[]; v[]; [] ; v[]$ \TU/TimesNewRoman(0)/m/n/12 se de-no-mi-na \TU/TimesNewRoman(0)/b/n/12 subes-pa-cio ge-ne-ra-do \TU/TimesNewRoman(0)/m/n/12 por es-tos vec-to-res. Se de-no-ta $[]\OMS/cmsy/m/n/12 f\OML/cmm/m/it/12 v[]; v[]; [] ; v[]\OMS/cmsy/m/n/12 g$ \TU/TimesNewRoman(0)/m/n/12 o $[]\OMS/cmsy/m/n/12 f\OML/cmm/m/it/12 v[]; v[]; [] ; v[]\OMS/cmsy/m/n/12 g$\TU/TimesNewRoman(0)/m/n/12 . 
 []


Overfull \hbox (24.35112pt too wide) in paragraph at lines 403--404
[][]\TU/TimesNewRoman(0)/b/n/12 Teo-re-ma 15-24 \TU/TimesNewRoman(0)/m/n/12 (El ge-ne-ra-do es el me-nor subes-pa-cio que con-tie-ne a los ge-ne-ra-do-res)\TU/TimesNewRoman(0)/b/n/12 . []\TU/TimesNewRoman(0)/m/it/12 El con-jun-to $[]\OMS/cmsy/m/n/12 f\OML/cmm/m/it/12 v[]; v[]; [] ; v[]\OMS/cmsy/m/n/12 g$
 []



LaTeX Info: Redefining \. on input line 454.
LaTeX Info: Redefining \% on input line 454.
[354]

LaTeX Info: Redefining \. on input line 496.
LaTeX Info: Redefining \% on input line 496.
[355]
Overfull \hbox (9.39818pt too wide) in paragraph at lines 535--536
[][]\TU/TimesNewRoman(0)/b/n/12 Ejem-plo 15.30 \TU/TimesNewRoman(0)/m/n/12 (In-d
e-pen-den-cia li-neal se-gún un pa-rá-me-tro)\TU/TimesNewRoman(0)/b/n/12 . []
\TU/TimesNewRoman(0)/m/n/12 ¿Pa-ra qué va-lo-res de $\OML/cmm/m/it/12 $ \TU/
TimesNewRoman(0)/m/n/12 los vec-to-res $\OML/cmm/m/it/12 v[] \OT1/cmr/m/n/12 = 
(\OML/cmm/m/it/12 ; \OMS/cmsy/m/n/12 ^^@[]\OML/cmm/m/it/12 ; \OMS/cmsy/m/n/12 
^^@[]\OT1/cmr/m/n/12 )$\TU/TimesNewRoman(0)/m/n/12 ,
 []



LaTeX Info: Redefining \. on input line 553.
LaTeX Info: Redefining \% on input line 553.
[356]
Overfull \hbox (27.0256pt too wide) in paragraph at lines 567--569
[][]\TU/TimesNewRoman(0)/b/n/12 Teo-re-ma 15-32 \TU/TimesNewRoman(0)/m/n/12 (Cri
-te-rio del Wrons-kiano)\TU/TimesNewRoman(0)/b/n/12 . []\TU/TimesNewRoman(0)/m/
it/12 Si $\OML/cmm/m/it/12 W\OT1/cmr/m/n/12 (\OML/cmm/m/it/12 x\OT1/cmr/m/n/12 
) \OMS/cmsy/m/n/12 6 \OT1/cmr/m/n/12 0$ \TU/TimesNewRoman(0)/m/it/12 en $\OT1/
cmr/m/n/12 (\OMS/cmsy/m/n/12 ^^@1\OML/cmm/m/it/12 ; \OMS/cmsy/m/n/12 1\OT1/cmr/
m/n/12 )$\TU/TimesNewRoman(0)/m/it/12 , en-ton-ces $\OMS/cmsy/m/n/12 f\OML/cmm/
m/it/12 f[]; [] ; f[]\OMS/cmsy/m/n/12 g$ \TU/TimesNewRoman(0)/m/it/12 es l.i. en
 $\OMS/cmsy/m/n/12 C[]\OT1/cmr/m/n/12 (\OMS/cmsy/m/n/12 ^^@1\OML/cmm/m/it/12 ; 
\OMS/cmsy/m/n/12 1\OT1/cmr/m/n/12 )$\TU/TimesNewRoman(0)/m/it/12 . 
 []



LaTeX Info: Redefining \. on input line 596.
LaTeX Info: Redefining \% on input line 596.
[357]

LaTeX Info: Redefining \. on input line 638.
LaTeX Info: Redefining \% on input line 638.
[358]

LaTeX Info: Redefining \. on input line 696.
LaTeX Info: Redefining \% on input line 696.
[359]

LaTeX Info: Redefining \. on input line 774.
LaTeX Info: Redefining \% on input line 774.
[360]

LaTeX Info: Redefining \. on input line 812.
LaTeX Info: Redefining \% on input line 812.
[361]

LaTeX Info: Redefining \. on input line 867.
LaTeX Info: Redefining \% on input line 867.
[362]

LaTeX Info: Redefining \. on input line 901.
LaTeX Info: Redefining \% on input line 901.
[363]

LaTeX Info: Redefining \. on input line 953.
LaTeX Info: Redefining \% on input line 953.
[364]

LaTeX Info: Redefining \. on input line 1013.
LaTeX Info: Redefining \% on input line 1013.
[365]

LaTeX Info: Redefining \. on input line 1058.
LaTeX Info: Redefining \% on input line 1058.
[366]

LaTeX Info: Redefining \. on input line 1120.
LaTeX Info: Redefining \% on input line 1120.
[367]

LaTeX Info: Redefining \. on input line 1158.
LaTeX Info: Redefining \% on input line 1158.
[368]

LaTeX Info: Redefining \. on input line 1208.
LaTeX Info: Redefining \% on input line 1208.
[369]

LaTeX Info: Redefining \. on input line 1252.
LaTeX Info: Redefining \% on input line 1252.
[370]

LaTeX Info: Redefining \. on input line 1307.
LaTeX Info: Redefining \% on input line 1307.
[371]

LaTeX Info: Redefining \. on input line 1371.
LaTeX Info: Redefining \% on input line 1371.
[372]) (./prodinterno.tex

LaTeX Info: Redefining \. on input line 1.
LaTeX Info: Redefining \% on input line 1.
[373]

LaTeX Info: Redefining \. on input line 1.
LaTeX Info: Redefining \% on input line 1.
[374

]
Capítulo 16.


[375]

LaTeX Info: Redefining \. on input line 113.
LaTeX Info: Redefining \% on input line 113.
[376]

LaTeX Info: Redefining \. on input line 182.
LaTeX Info: Redefining \% on input line 182.
[377]

LaTeX Info: Redefining \. on input line 252.
LaTeX Info: Redefining \% on input line 252.
[378]

LaTeX Info: Redefining \. on input line 304.
LaTeX Info: Redefining \% on input line 304.
[379]

LaTeX Info: Redefining \. on input line 364.
LaTeX Info: Redefining \% on input line 364.
[380]

LaTeX Info: Redefining \. on input line 442.
LaTeX Info: Redefining \% on input line 442.
[381]

LaTeX Info: Redefining \. on input line 516.
LaTeX Info: Redefining \% on input line 516.
[382]

LaTeX Info: Redefining \. on input line 577.
LaTeX Info: Redefining \% on input line 577.
[383]

LaTeX Info: Redefining \. on input line 614.
LaTeX Info: Redefining \% on input line 614.
[384]

LaTeX Info: Redefining \. on input line 729.
LaTeX Info: Redefining \% on input line 729.
[385]

LaTeX Info: Redefining \. on input line 765.
LaTeX Info: Redefining \% on input line 765.
[386]
Overfull \hbox (25.1189pt too wide) detected at line 862
 $\OML/cmm/m/it/12 b \OT1/cmr/m/n/12 = [] = [] = [] = [] \OMS/cmsy/m/n/12  ^^@\OT1/cmr/m/n/12 6[]389$ 
 []



LaTeX Info: Redefining \. on input line 907.
LaTeX Info: Redefining \% on input line 907.
[387]

LaTeX Info: Redefining \. on input line 921.
LaTeX Info: Redefining \% on input line 921.
[388]
Overfull \hbox (0.67842pt too wide) in paragraph at lines 932--933
[][]\TU/TimesNewRoman(0)/b/n/12 De-fi-ni-ción 16.39 \TU/TimesNewRoman(0)/m/n/1
2 (Se-rie de Fou-rier)\TU/TimesNewRoman(0)/b/n/12 . []\TU/TimesNewRoman(0)/m/n/
12 Pa-ra $\OML/cmm/m/it/12 f$ \TU/TimesNewRoman(0)/m/n/12 pe-rió-di-ca en $\OT
1/cmr/m/n/12 [0\OML/cmm/m/it/12 ; \OT1/cmr/m/n/12 2\OML/cmm/m/it/12 \OT1/cmr/m
/n/12 ]$\TU/TimesNewRoman(0)/m/n/12 , con pro-duc-to in-terno $\OMS/cmsy/m/n/12
 h\OML/cmm/m/it/12 f; g\OMS/cmsy/m/n/12 i \OT1/cmr/m/n/12 = [][] \OML/cmm/m/it/
12 f\OT1/cmr/m/n/12 (\OML/cmm/m/it/12 x\OT1/cmr/m/n/12 )\OML/cmm/m/it/12 g\OT1/
cmr/m/n/12 (\OML/cmm/m/it/12 x\OT1/cmr/m/n/12 )\OML/cmm/m/it/12 dx$\TU/TimesNew
Roman(0)/m/n/12 : 
 []



LaTeX Info: Redefining \. on input line 995.
LaTeX Info: Redefining \% on input line 995.
[389]

LaTeX Info: Redefining \. on input line 1021.
LaTeX Info: Redefining \% on input line 1021.
[390]

LaTeX Info: Redefining \. on input line 1109.
LaTeX Info: Redefining \% on input line 1109.
[391]

LaTeX Info: Redefining \. on input line 1147.
LaTeX Info: Redefining \% on input line 1147.
[392]

LaTeX Info: Redefining \. on input line 1205.
LaTeX Info: Redefining \% on input line 1205.
[393]

LaTeX Info: Redefining \. on input line 1292.
LaTeX Info: Redefining \% on input line 1292.
[394]

LaTeX Info: Redefining \. on input line 1358.
LaTeX Info: Redefining \% on input line 1358.
[395]
Overfull \hbox (294.47939pt too wide) detected at line 1433
 $\TU/TimesNewRoman(0)/b/n/12 v[] \OT1/cmr/m/n/12 = \TU/TimesNewRoman(0)/b/n/12
 w[] \OMS/cmsy/m/n/12 ^^@ []\TU/TimesNewRoman(0)/b/n/12 v[] \OT1/cmr/m/n/12 = (2
\OML/cmm/m/it/12 ; \OT1/cmr/m/n/12 0\OML/cmm/m/it/12 ; \OT1/cmr/m/n/12 1\OML/cm
m/m/it/12 ; \OMS/cmsy/m/n/12 ^^@\OT1/cmr/m/n/12 3) \OMS/cmsy/m/n/12 ^^@ []\OT1/
cmr/m/n/12 (\OMS/cmsy/m/n/12 ^^@\OT1/cmr/m/n/12 2\OML/cmm/m/it/12 ; \OT1/cmr/m/
n/12 1\OML/cmm/m/it/12 ; \OT1/cmr/m/n/12 0\OML/cmm/m/it/12 ; \OT1/cmr/m/n/12 3) = (2\OML/cmm/m/it/12 ; \OT1/cmr/m/n/12 0\OML/cmm/m/it/12 ; \OT1/cmr/m/n/12 1\OML/cmm/m/it/12 ; \OMS/cmsy/m/n/12 ^^@\OT1/cmr/m/n/12 3) + [](\OMS/cmsy/m/n/12 ^^@\OT1/cmr/m/n/12 2\OML/cmm/m/it/12 ; \OT1/cmr/m/n/12 1\OML/cmm/m/it/12 ; \OT1/cmr/m/n/12 0\OML/cmm/m/it/12 ; \OT1/cmr/m/n/12 3) = [] = [] = [](2\OML/cmm/m/it/12 ; \OT1/cmr/m/n/12 13\OML/cmm/m/it/12 ; \OT1/cmr/m/n/12 14\OML/cmm/m/it/12 ; \OMS/cmsy/m/n/12 ^^@\OT1/cmr/m/n/12 3)\OML/cmm/m/it/12 :$ 
 []


Overfull \hbox (134.97415pt too wide) detected at line 1447
 $\TU/TimesNewRoman(0)/b/n/12 u[] \OT1/cmr/m/n/12 = \OML/cmm/m/it/12 r[] \OMS/c
msy/m/n/12 ^^@ []\TU/TimesNewRoman(0)/b/n/12 u[] \OT1/cmr/m/n/12 = (2\OML/cmm/m
/it/12 ; \OT1/cmr/m/n/12 1\OML/cmm/m/it/12 ; \OMS/cmsy/m/n/12 ^^@\OT1/cmr/m/n/1
2 1\OML/cmm/m/it/12 ; \OT1/cmr/m/n/12 1) \OMS/cmsy/m/n/12 ^^@ []\OT1/cmr/m/n/12
 (1\OML/cmm/m/it/12 ; \OMS/cmsy/m/n/12 ^^@\OT1/cmr/m/n/12 1\OML/cmm/m/it/12 ; \
OT1/cmr/m/n/12 1\OML/cmm/m/it/12 ; \OT1/cmr/m/n/12 1) = (2\OML/cmm/m/it/12 ; \O
T1/cmr/m/n/12 1\OML/cmm/m/it/12 ; \OMS/cmsy/m/n/12 ^^@\OT1/cmr/m/n/12 1\OML/cmm
/m/it/12 ; \OT1/cmr/m/n/12 1) \OMS/cmsy/m/n/12 ^^@ []\OT1/cmr/m/n/12 (1\OML/cmm
/m/it/12 ; \OMS/cmsy/m/n/12 ^^@\OT1/cmr/m/n/12 1\OML/cmm/m/it/12 ; \OT1/cmr/m/n
/12 1\OML/cmm/m/it/12 ; \OT1/cmr/m/n/12 1) = [] = [](7\OML/cmm/m/it/12 ; \OT1/c
mr/m/n/12 5\OML/cmm/m/it/12 ; \OMS/cmsy/m/n/12 ^^@\OT1/cmr/m/n/12 5\OML/cmm/m/i
t/12 ; \OT1/cmr/m/n/12 3)\OML/cmm/m/it/12 :$ 
 []


Overfull \hbox (234.20602pt too wide) detected at line 1467
 $[][] \TU/TimesNewRoman(0)/b/n/12 u \OT1/cmr/m/n/12 = []\TU/TimesNewRoman(0)/b
/n/12 a[] \OT1/cmr/m/n/12 + []\TU/TimesNewRoman(0)/b/n/12 a[] \OT1/cmr/m/n/12 = 3(1\OML/cmm/m/it/12 ; \OMS/cmsy/m/n/12 ^^@\OT1/cmr/m/n/12 1\OML/cmm/m/it/12 ; \OT1/cmr/m/n/12 1\OML/cmm/m/it/12 ; \OT1/cmr/m/n/12 1) + [](7\OML/cmm/m/it/12 ; \OT1/cmr/m/n/12 5\OML/cmm/m/it/12 ; \OMS/cmsy/m/n/12 ^^@\OT1/cmr/m/n/12 5\OML/cmm/m/it/12 ; \OT1/cmr/m/n/12 3) = [] = [] = [](193\OML/cmm/m/it/12 ; \OMS/cmsy/m/n/12 ^^@\OT1/cmr/m/n/12 1\OML/cmm/m/it/12 ; \OT1/cmr/m/n/12 1\OML/cmm/m/it/12 ; \OT1/cmr/m/n/12 129)\OML/cmm/m/it/12 :$ 
 []



LaTeX Info: Redefining \. on input line 1480.
LaTeX Info: Redefining \% on input line 1480.
[396]

LaTeX Info: Redefining \. on input line 1492.
LaTeX Info: Redefining \% on input line 1492.
[397]

LaTeX Info: Redefining \. on input line 1573.
LaTeX Info: Redefining \% on input line 1573.
[398]

LaTeX Info: Redefining \. on input line 1644.
LaTeX Info: Redefining \% on input line 1644.
[399]
Underfull \hbox (badness 10000) in paragraph at lines 1660--1663

 []


Underfull \hbox (badness 10000) in paragraph at lines 1670--1674

 []



LaTeX Info: Redefining \. on input line 1691.
LaTeX Info: Redefining \% on input line 1691.
[400]

LaTeX Info: Redefining \. on input line 1767.
LaTeX Info: Redefining \% on input line 1767.
[401])

LaTeX Info: Redefining \. on input line 516.
LaTeX Info: Redefining \% on input line 516.
[402] (./funvectoriales.tex

[403

]

[404

]
Capítulo 17.

Package pgfplots Warning: the ticklabel anchor cannot be determined, the normal
 vector -(0.48035pt,0.87703pt) and the unit y vector (0.90138pt,0.43304pt) are 
almost parallel (abs(cos(angle)) = 0.81276pt)! on input line 83.

 [warning /pgfplots/warning/ticklabel anchor undetermined]

Package pgfplots Warning: the ticklabel anchor cannot be determined, the normal
 vector -(0.48035pt,0.87703pt) and the unit y vector (0.90138pt,0.43304pt) are 
almost parallel (abs(cos(angle)) = 0.81276pt)! on input line 83.

 [warning /pgfplots/warning/ticklabel anchor undetermined]

Package pgfplots Warning: the ticklabel anchor cannot be determined, the normal
 vector -(0.48035pt,0.87703pt) and the unit y vector (0.90138pt,0.43304pt) are 
almost parallel (abs(cos(angle)) = 0.81276pt)! on input line 83.

 [warning /pgfplots/warning/ticklabel anchor undetermined]

Package pgfplots Warning: the ticklabel anchor cannot be determined, the normal
 vector -(0.48035pt,0.87703pt) and the unit y vector (0.90138pt,0.43304pt) are 
almost parallel (abs(cos(angle)) = 0.81276pt)! on input line 83.

 [warning /pgfplots/warning/ticklabel anchor undetermined]

Package pgfplots Warning: the ticklabel anchor cannot be determined, the normal
 vector -(-0.48035pt,-0.87703pt) and the unit y vector (0.90138pt,0.43304pt) ar
e almost parallel (abs(cos(angle)) = 0.81276pt)! on input line 83.

 [warning /pgfplots/warning/ticklabel anchor undetermined]

Package pgfplots Warning: the ticklabel anchor cannot be determined, the normal
 vector -(-0.48035pt,-0.87703pt) and the unit y vector (0.90138pt,0.43304pt) ar
e almost parallel (abs(cos(angle)) = 0.81276pt)! on input line 83.

 [warning /pgfplots/warning/ticklabel anchor undetermined]


[405]
Package pgfplots info on input line 167: Deactivating LUA version of plot expre
ssion for plot 0 (type 'mesh'): x expression '2*cos(\u )' contains a TeX macro.

Package pgfplots info on input line 167: Deactivating LUA version of plot expre
ssion for plot 0 (type 'mesh'): y expression ' {2*sin(\u )}' contains a TeX mac
ro.
Package pgfplots info on input line 167: Deactivating LUA version of plot expre
ssion for plot 0 (type 'mesh'): z expression ' {\v }' contains a TeX macro.


LaTeX Info: Redefining \. on input line 187.
LaTeX Info: Redefining \% on input line 187.
[406]

LaTeX Info: Redefining \. on input line 253.
LaTeX Info: Redefining \% on input line 253.
[407]

LaTeX Info: Redefining \. on input line 320.
LaTeX Info: Redefining \% on input line 320.
[408]
Overfull \hbox (2.17252pt too wide) in paragraph at lines 360--383
[][]\TU/TimesNewRoman(0)/b/n/12 Pro-ble-ma 17.11 \TU/TimesNewRoman(0)/m/n/12 (Do
-mi-nio de una fun-ción vec-to-rial)\TU/TimesNewRoman(0)/b/n/12 . []\TU/TimesN
ewRoman(0)/m/n/12 Ha-lle el do-mi-nio de $\TU/TimesNewRoman(0)/b/n/12 r\OT1/cmr
/m/n/12 (\OML/cmm/m/it/12 t\OT1/cmr/m/n/12 ) = [] [](\OML/cmm/m/it/12 t[] \OMS/
cmsy/m/n/12 ^^@ \OT1/cmr/m/n/12 1)\OML/cmm/m/it/12 ;  [];  []\OT1/cmr/m/n/12 (1/
\OML/cmm/m/it/12 t\OT1/cmr/m/n/12 )[]$\TU/TimesNewRoman(0)/m/n/12 . 
 []



LaTeX Info: Redefining \. on input line 404.
LaTeX Info: Redefining \% on input line 404.
[409]

LaTeX Info: Redefining \. on input line 497.
LaTeX Info: Redefining \% on input line 497.
[410]

LaTeX Info: Redefining \. on input line 591.
LaTeX Info: Redefining \% on input line 591.
[411]

LaTeX Info: Redefining \. on input line 703.
LaTeX Info: Redefining \% on input line 703.
[412]

LaTeX Info: Redefining \. on input line 754.
LaTeX Info: Redefining \% on input line 754.
[413]

LaTeX Info: Redefining \. on input line 847.
LaTeX Info: Redefining \% on input line 847.
[414]
Overfull \hbox (15.99913pt too wide) in paragraph at lines 906--940
[][]\TU/TimesNewRoman(0)/b/n/12 Ejem-plo 17.32 \TU/TimesNewRoman(0)/m/n/12 (Lon-
gi-tud de una hé-li-ce cir-cu-lar)\TU/TimesNewRoman(0)/b/n/12 . []\TU/TimesNew
Roman(0)/m/n/12 Cal-cu-lar la lon-gi-tud de un ar-co de la hé-li-ce $\TU/Times
NewRoman(0)/b/n/12 r\OT1/cmr/m/n/12 (\OML/cmm/m/it/12 t\OT1/cmr/m/n/12 ) = \OMS
/cmsy/m/n/12 h[] \OML/cmm/m/it/12 t;  [] t;  t\OMS/cmsy/m/n/12 i$
 []



LaTeX Info: Redefining \. on input line 940.
LaTeX Info: Redefining \% on input line 940.
[415]

LaTeX Info: Redefining \. on input line 1024.
LaTeX Info: Redefining \% on input line 1024.
[416]

LaTeX Info: Redefining \. on input line 1109.
LaTeX Info: Redefining \% on input line 1109.
[417]

LaTeX Info: Redefining \. on input line 1163.
LaTeX Info: Redefining \% on input line 1163.
[418]

LaTeX Info: Redefining \. on input line 1270.
LaTeX Info: Redefining \% on input line 1270.
[419]

LaTeX Info: Redefining \. on input line 1336.
LaTeX Info: Redefining \% on input line 1336.
[420]

LaTeX Info: Redefining \. on input line 1414.
LaTeX Info: Redefining \% on input line 1414.
[421]

LaTeX Info: Redefining \. on input line 1461.
LaTeX Info: Redefining \% on input line 1461.
[422]

LaTeX Info: Redefining \. on input line 1552.
LaTeX Info: Redefining \% on input line 1552.
[423]

LaTeX Info: Redefining \. on input line 1636.
LaTeX Info: Redefining \% on input line 1636.
[424]

LaTeX Info: Redefining \. on input line 1708.
LaTeX Info: Redefining \% on input line 1708.
[425]
Package pgfplots info on input line 1790: Deactivating LUA version of plot expr
ession for plot 0 (type 'mesh'): x expression 'sqrt(1+\v *\v )*cos(\u )' contai
ns a TeX macro.
Package pgfplots info on input line 1790: Deactivating LUA version of plot expr
ession for plot 0 (type 'mesh'): y expression ' {sqrt(1+\v *\v )*sin(\u )}' con
tains a TeX macro.
Package pgfplots info on input line 1790: Deactivating LUA version of plot expr
ession for plot 0 (type 'mesh'): z expression ' {\v }' contains a TeX macro.


LaTeX Info: Redefining \. on input line 1796.
LaTeX Info: Redefining \% on input line 1796.
[426]

LaTeX Info: Redefining \. on input line 1889.
LaTeX Info: Redefining \% on input line 1889.
[427]
Package pgfplots info on input line 1903: Deactivating LUA version of plot expr
ession for plot 0 (type 'mesh'): x expression '1+3*sin(\u )*cos(\v )' contains 
a TeX macro.
Package pgfplots info on input line 1903: Deactivating LUA version of plot expr
ession for plot 0 (type 'mesh'): y expression ' {-2+2*sin(\u )*sin(\v )}' conta
ins a TeX macro.
Package pgfplots info on input line 1903: Deactivating LUA version of plot expr
ession for plot 0 (type 'mesh'): z expression ' {cos(\u )}' contains a TeX macr
o.


LaTeX Info: Redefining \. on input line 1957.
LaTeX Info: Redefining \% on input line 1957.
[428]
Package pgfplots info on input line 1972: Deactivating LUA version of plot expr
ession for plot 0 (type 'mesh'): x expression '2+3*cos(\u )' contains a TeX mac
ro.
Package pgfplots info on input line 1972: Deactivating LUA version of plot expr
ession for plot 0 (type 'mesh'): y expression ' {-1+2*sin(\u )}' contains a TeX
 macro.
Package pgfplots info on input line 1972: Deactivating LUA version of plot expr
ession for plot 0 (type 'mesh'): z expression ' {\v }' contains a TeX macro.

Overfull \hbox (4.74512pt too wide) in paragraph at lines 2040--2043
[]\TU/TimesNewRoman(0)/b/n/12 Ele-gir va-lo-res de $\OML/cmm/m/it/12 k$\TU/Time
sNewRoman(0)/b/n/12 . \TU/TimesNewRoman(0)/m/n/12 Se-lec-cio-nar una se-cuen-cia
 de va-lo-res re-pre-sen-ta-ti-vos, por ejem-plo, $\OML/cmm/m/it/12 k \OT1/cmr/
m/n/12 = \OMS/cmsy/m/n/12 ^^@\OT1/cmr/m/n/12 2\OML/cmm/m/it/12 ; \OMS/cmsy/m/n/
12 ^^@\OT1/cmr/m/n/12 1\OML/cmm/m/it/12 ; \OT1/cmr/m/n/12 0\OML/cmm/m/it/12 ; \
OT1/cmr/m/n/12 1\OML/cmm/m/it/12 ; \OT1/cmr/m/n/12 2$
 []



LaTeX Info: Redefining \. on input line 2043.
LaTeX Info: Redefining \% on input line 2043.
[429]

Package pgfplots Warning: the ticklabel anchor cannot be determined, the normal
 vector -(-0.62912pt,0.77728pt) and the unit x vector (0.94894pt,-0.31569pt) ar
e almost parallel (abs(cos(angle)) = 0.84236pt)! on input line 2091.

 [warning /pgfplots/warning/ticklabel anchor undetermined]

Package pgfplots Warning: the ticklabel anchor cannot be determined, the normal
 vector -(-0.62912pt,0.77728pt) and the unit x vector (0.94894pt,-0.31569pt) ar
e almost parallel (abs(cos(angle)) = 0.84236pt)! on input line 2091.

 [warning /pgfplots/warning/ticklabel anchor undetermined]

Package pgfplots Warning: the ticklabel anchor cannot be determined, the normal
 vector -(-0.62912pt,0.77728pt) and the unit x vector (0.94894pt,-0.31569pt) ar
e almost parallel (abs(cos(angle)) = 0.84236pt)! on input line 2091.

 [warning /pgfplots/warning/ticklabel anchor undetermined]

Package pgfplots Warning: the ticklabel anchor cannot be determined, the normal
 vector -(-0.62912pt,0.77728pt) and the unit x vector (0.94894pt,-0.31569pt) ar
e almost parallel (abs(cos(angle)) = 0.84236pt)! on input line 2091.

 [warning /pgfplots/warning/ticklabel anchor undetermined]

Package pgfplots Warning: the ticklabel anchor cannot be determined, the normal
 vector -(-0.62912pt,0.77728pt) and the unit x vector (0.94894pt,-0.31569pt) ar
e almost parallel (abs(cos(angle)) = 0.84236pt)! on input line 2091.

 [warning /pgfplots/warning/ticklabel anchor undetermined]

Package pgfplots Warning: the ticklabel anchor cannot be determined, the normal
 vector -(-0.62912pt,0.77728pt) and the unit x vector (0.94894pt,-0.31569pt) ar
e almost parallel (abs(cos(angle)) = 0.84236pt)! on input line 2091.

 [warning /pgfplots/warning/ticklabel anchor undetermined]

Package pgfplots Warning: the ticklabel anchor cannot be determined, the normal
 vector -(-0.62912pt,0.77728pt) and the unit x vector (0.94894pt,-0.31569pt) ar
e almost parallel (abs(cos(angle)) = 0.84236pt)! on input line 2091.

 [warning /pgfplots/warning/ticklabel anchor undetermined]

Package pgfplots Warning: the ticklabel anchor cannot be determined, the normal
 vector -(-0.62912pt,0.77728pt) and the unit x vector (0.94894pt,-0.31569pt) ar
e almost parallel (abs(cos(angle)) = 0.84236pt)! on input line 2091.

 [warning /pgfplots/warning/ticklabel anchor undetermined]

Package pgfplots Warning: the ticklabel anchor cannot be determined, the normal
 vector -(0.48035pt,0.87703pt) and the unit y vector (0.90419pt,0.42722pt) are 
almost parallel (abs(cos(angle)) = 0.80899pt)! on input line 2091.

 [warning /pgfplots/warning/ticklabel anchor undetermined]

Package pgfplots Warning: the ticklabel anchor cannot be determined, the normal
 vector -(0.48035pt,0.87703pt) and the unit y vector (0.90419pt,0.42722pt) are 
almost parallel (abs(cos(angle)) = 0.80899pt)! on input line 2091.

 [warning /pgfplots/warning/ticklabel anchor undetermined]

Package pgfplots Warning: the ticklabel anchor cannot be determined, the normal
 vector -(0.48035pt,0.87703pt) and the unit y vector (0.90419pt,0.42722pt) are 
almost parallel (abs(cos(angle)) = 0.80899pt)! on input line 2091.

 [warning /pgfplots/warning/ticklabel anchor undetermined]

Package pgfplots Warning: the ticklabel anchor cannot be determined, the normal
 vector -(0.48035pt,0.87703pt) and the unit y vector (0.90419pt,0.42722pt) are 
almost parallel (abs(cos(angle)) = 0.80899pt)! on input line 2091.

 [warning /pgfplots/warning/ticklabel anchor undetermined]

Package pgfplots Warning: the ticklabel anchor cannot be determined, the normal
 vector -(0.48035pt,0.87703pt) and the unit y vector (0.90419pt,0.42722pt) are 
almost parallel (abs(cos(angle)) = 0.80899pt)! on input line 2091.

 [warning /pgfplots/warning/ticklabel anchor undetermined]

Package pgfplots Warning: the ticklabel anchor cannot be determined, the normal
 vector -(0.48035pt,0.87703pt) and the unit y vector (0.90419pt,0.42722pt) are 
almost parallel (abs(cos(angle)) = 0.80899pt)! on input line 2091.

 [warning /pgfplots/warning/ticklabel anchor undetermined]

Package pgfplots Warning: the ticklabel anchor cannot be determined, the normal
 vector -(0.48035pt,0.87703pt) and the unit y vector (0.90419pt,0.42722pt) are 
almost parallel (abs(cos(angle)) = 0.80899pt)! on input line 2091.

 [warning /pgfplots/warning/ticklabel anchor undetermined]

Package pgfplots Warning: the ticklabel anchor cannot be determined, the normal
 vector -(0.48035pt,0.87703pt) and the unit y vector (0.90419pt,0.42722pt) are 
almost parallel (abs(cos(angle)) = 0.80899pt)! on input line 2091.

 [warning /pgfplots/warning/ticklabel anchor undetermined]

Package pgfplots Warning: the ticklabel anchor cannot be determined, the normal
 vector -(0.62912pt,-0.77728pt) and the unit x vector (0.94894pt,-0.31569pt) ar
e almost parallel (abs(cos(angle)) = 0.84236pt)! on input line 2091.

 [warning /pgfplots/warning/ticklabel anchor undetermined]

Package pgfplots Warning: the ticklabel anchor cannot be determined, the normal
 vector -(0.62912pt,-0.77728pt) and the unit x vector (0.94894pt,-0.31569pt) ar
e almost parallel (abs(cos(angle)) = 0.84236pt)! on input line 2091.

 [warning /pgfplots/warning/ticklabel anchor undetermined]

Package pgfplots Warning: the ticklabel anchor cannot be determined, the normal
 vector -(-0.48035pt,-0.87703pt) and the unit y vector (0.90419pt,0.42722pt) ar
e almost parallel (abs(cos(angle)) = 0.80899pt)! on input line 2091.

 [warning /pgfplots/warning/ticklabel anchor undetermined]

Package pgfplots Warning: the ticklabel anchor cannot be determined, the normal
 vector -(-0.48035pt,-0.87703pt) and the unit y vector (0.90419pt,0.42722pt) ar
e almost parallel (abs(cos(angle)) = 0.80899pt)! on input line 2091.

 [warning /pgfplots/warning/ticklabel anchor undetermined]


LaTeX Info: Redefining \. on input line 2146.
LaTeX Info: Redefining \% on input line 2146.
[430]
Package pgfplots info on input line 2187: Deactivating LUA version of plot expr
ession for plot 0 (type 'mesh'): x expression 'cos(\u )*sin(\v )' contains a Te
X macro.
Package pgfplots info on input line 2187: Deactivating LUA version of plot expr
ession for plot 0 (type 'mesh'): y expression ' {sin(\u )*sin(\v )}' contains a
 TeX macro.
Package pgfplots info on input line 2187: Deactivating LUA version of plot expr
ession for plot 0 (type 'mesh'): z expression ' {cos(\v )}' contains a TeX macr
o.
Package pgfplots info on input line 2229: Deactivating LUA version of plot expr
ession for plot 0 (type 'mesh'): x expression 'cos(\u )*sin(\v )' contains a Te
X macro.
Package pgfplots info on input line 2229: Deactivating LUA version of plot expr
ession for plot 0 (type 'mesh'): y expression ' {2*sin(\u )*sin(\v )}' contains
 a TeX macro.
Package pgfplots info on input line 2229: Deactivating LUA version of plot expr
ession for plot 0 (type 'mesh'): z expression ' {3*cos(\v )}' contains a TeX ma
cro.


LaTeX Info: Redefining \. on input line 2239.
LaTeX Info: Redefining \% on input line 2239.
[431]

LaTeX Info: Redefining \. on input line 2357.
LaTeX Info: Redefining \% on input line 2357.
[432]

LaTeX Info: Redefining \. on input line 2357.
LaTeX Info: Redefining \% on input line 2357.
[433]

LaTeX Info: Redefining \. on input line 2433.
LaTeX Info: Redefining \% on input line 2433.
[434]

LaTeX Info: Redefining \. on input line 2482.
LaTeX Info: Redefining \% on input line 2482.
[435]

LaTeX Info: Redefining \. on input line 2536.
LaTeX Info: Redefining \% on input line 2536.
[436]

LaTeX Info: Redefining \. on input line 2630.
LaTeX Info: Redefining \% on input line 2630.
[437]

LaTeX Info: Redefining \. on input line 2722.
LaTeX Info: Redefining \% on input line 2722.
[438]













LaTeX Info: Redefining \. on input line 2785.
LaTeX Info: Redefining \% on input line 2785.
[439]) (./limvariasvariables.tex

LaTeX Info: Redefining \. on input line 8.
LaTeX Info: Redefining \% on input line 8.
[440]
Capítulo 18.

Package hyperref Warning: Token not allowed in a PDF string (Unicode):
(hyperref)                removing `math shift' on input line 8.


Package hyperref Warning: Token not allowed in a PDF string (Unicode):
(hyperref)                removing `superscript' on input line 8.


Package hyperref Warning: Token not allowed in a PDF string (Unicode):
(hyperref)                removing `math shift' on input line 8.



[441

]

LaTeX Info: Redefining \. on input line 184.
LaTeX Info: Redefining \% on input line 184.
[442]

Package amsmath Warning: Foreign command \atop;
(amsmath)                \frac or \genfrac should be used instead
(amsmath)                 on input line 221.



LaTeX Info: Redefining \. on input line 253.
LaTeX Info: Redefining \% on input line 253.
[443]

LaTeX Info: Redefining \. on input line 310.
LaTeX Info: Redefining \% on input line 310.
[444]

LaTeX Info: Redefining \. on input line 383.
LaTeX Info: Redefining \% on input line 383.
[445]

LaTeX Info: Redefining \. on input line 460.
LaTeX Info: Redefining \% on input line 460.
[446]
Package hyperref Info: bookmark level for unknown prop defaults to 0 on input l
ine 482.


LaTeX Info: Redefining \. on input line 531.
LaTeX Info: Redefining \% on input line 531.
[447]

LaTeX Info: Redefining \. on input line 618.
LaTeX Info: Redefining \% on input line 618.
[448]

LaTeX Info: Redefining \. on input line 691.
LaTeX Info: Redefining \% on input line 691.
[449]

LaTeX Info: Redefining \. on input line 744.
LaTeX Info: Redefining \% on input line 744.
[450]

LaTeX Info: Redefining \. on input line 823.
LaTeX Info: Redefining \% on input line 823.
[451]

LaTeX Info: Redefining \. on input line 883.
LaTeX Info: Redefining \% on input line 883.
[452]

LaTeX Info: Redefining \. on input line 962.
LaTeX Info: Redefining \% on input line 962.
[453]
Overfull \vbox (8.63286pt too high) has occurred while \output is active []









LaTeX Info: Redefining \. on input line 1031.
LaTeX Info: Redefining \% on input line 1031.
[454]) (./planostangentes.tex

LaTeX Info: Redefining \. on input line 5.
LaTeX Info: Redefining \% on input line 5.
[455]

LaTeX Info: Redefining \. on input line 5.
LaTeX Info: Redefining \% on input line 5.
[456

]
Capítulo 19.

Package pgfplots Warning: the ticklabel anchor cannot be determined, the normal
 vector -(-0.62912pt,0.77728pt) and the unit x vector (0.95055pt,-0.31091pt) ar
e almost parallel (abs(cos(angle)) = 0.83966pt)! on input line 110.

 [warning /pgfplots/warning/ticklabel anchor undetermined]

Package pgfplots Warning: the ticklabel anchor cannot be determined, the normal
 vector -(-0.62912pt,0.77728pt) and the unit x vector (0.95055pt,-0.31091pt) ar
e almost parallel (abs(cos(angle)) = 0.83966pt)! on input line 110.

 [warning /pgfplots/warning/ticklabel anchor undetermined]

Package pgfplots Warning: the ticklabel anchor cannot be determined, the normal
 vector -(-0.62912pt,0.77728pt) and the unit x vector (0.95055pt,-0.31091pt) ar
e almost parallel (abs(cos(angle)) = 0.83966pt)! on input line 110.

 [warning /pgfplots/warning/ticklabel anchor undetermined]

Package pgfplots Warning: the ticklabel anchor cannot be determined, the normal
 vector -(-0.62912pt,0.77728pt) and the unit x vector (0.95055pt,-0.31091pt) ar
e almost parallel (abs(cos(angle)) = 0.83966pt)! on input line 110.

 [warning /pgfplots/warning/ticklabel anchor undetermined]

Package pgfplots Warning: the ticklabel anchor cannot be determined, the normal
 vector -(0.62912pt,-0.77728pt) and the unit x vector (0.95055pt,-0.31091pt) ar
e almost parallel (abs(cos(angle)) = 0.83966pt)! on input line 110.

 [warning /pgfplots/warning/ticklabel anchor undetermined]

Package pgfplots Warning: the ticklabel anchor cannot be determined, the normal
 vector -(0.62912pt,-0.77728pt) and the unit x vector (0.95055pt,-0.31091pt) ar
e almost parallel (abs(cos(angle)) = 0.83966pt)! on input line 110.

 [warning /pgfplots/warning/ticklabel anchor undetermined]


[457]
Missing character: There is no ✓ (U+2713) in font "name:Times New Roman:mode=n
ode;script=latn;language=dflt;+tlig;"!
Missing character: There is no ✓ (U+2713) in font "name:Times New Roman:mode=n
ode;script=latn;language=dflt;+tlig;"!
Missing character: There is no ✓ (U+2713) in font "name:Times New Roman:mode=n
ode;script=latn;language=dflt;+tlig;"!
Missing character: There is no ✓ (U+2713) in font "name:Times New Roman:mode=n
ode;script=latn;language=dflt;+tlig;"!


LaTeX Info: Redefining \. on input line 198.
LaTeX Info: Redefining \% on input line 198.
[458
Missing character: There is no ✓ (U+2713) in font "name:Times New Roman:mode=n
ode;script=latn;language=dflt;+tlig;"!
Missing character: There is no ✓ (U+2713) in font "name:Times New Roman:mode=n
ode;script=latn;language=dflt;+tlig;"!
]

LaTeX Info: Redefining \. on input line 257.
LaTeX Info: Redefining \% on input line 257.
[459]

LaTeX Info: Redefining \. on input line 354.
LaTeX Info: Redefining \% on input line 354.
[460]

LaTeX Info: Redefining \. on input line 451.
LaTeX Info: Redefining \% on input line 451.
[461]

LaTeX Info: Redefining \. on input line 541.
LaTeX Info: Redefining \% on input line 541.
[462]

LaTeX Info: Redefining \. on input line 604.
LaTeX Info: Redefining \% on input line 604.
[463]

Package pgfplots Warning: the ticklabel anchor cannot be determined, the normal
 vector -(-0.62912pt,0.77728pt) and the unit x vector (0.94899pt,-0.31569pt) ar
e almost parallel (abs(cos(angle)) = 0.84239pt)! on input line 652.

 [warning /pgfplots/warning/ticklabel anchor undetermined]

Package pgfplots Warning: the ticklabel anchor cannot be determined, the normal
 vector -(-0.62912pt,0.77728pt) and the unit x vector (0.94899pt,-0.31569pt) ar
e almost parallel (abs(cos(angle)) = 0.84239pt)! on input line 652.

 [warning /pgfplots/warning/ticklabel anchor undetermined]

Package pgfplots Warning: the ticklabel anchor cannot be determined, the normal
 vector -(-0.62912pt,0.77728pt) and the unit x vector (0.94899pt,-0.31569pt) ar
e almost parallel (abs(cos(angle)) = 0.84239pt)! on input line 652.

 [warning /pgfplots/warning/ticklabel anchor undetermined]

Package pgfplots Warning: the ticklabel anchor cannot be determined, the normal
 vector -(-0.62912pt,0.77728pt) and the unit x vector (0.94899pt,-0.31569pt) ar
e almost parallel (abs(cos(angle)) = 0.84239pt)! on input line 652.

 [warning /pgfplots/warning/ticklabel anchor undetermined]

Package pgfplots Warning: the ticklabel anchor cannot be determined, the normal
 vector -(0.48035pt,0.87703pt) and the unit y vector (0.90417pt,0.4272pt) are a
lmost parallel (abs(cos(angle)) = 0.80898pt)! on input line 652.

 [warning /pgfplots/warning/ticklabel anchor undetermined]

Package pgfplots Warning: the ticklabel anchor cannot be determined, the normal
 vector -(0.48035pt,0.87703pt) and the unit y vector (0.90417pt,0.4272pt) are a
lmost parallel (abs(cos(angle)) = 0.80898pt)! on input line 652.

 [warning /pgfplots/warning/ticklabel anchor undetermined]

Package pgfplots Warning: the ticklabel anchor cannot be determined, the normal
 vector -(0.48035pt,0.87703pt) and the unit y vector (0.90417pt,0.4272pt) are a
lmost parallel (abs(cos(angle)) = 0.80898pt)! on input line 652.

 [warning /pgfplots/warning/ticklabel anchor undetermined]

Package pgfplots Warning: the ticklabel anchor cannot be determined, the normal
 vector -(0.48035pt,0.87703pt) and the unit y vector (0.90417pt,0.4272pt) are a
lmost parallel (abs(cos(angle)) = 0.80898pt)! on input line 652.

 [warning /pgfplots/warning/ticklabel anchor undetermined]

Package pgfplots Warning: the ticklabel anchor cannot be determined, the normal
 vector -(0.62912pt,-0.77728pt) and the unit x vector (0.94899pt,-0.31569pt) ar
e almost parallel (abs(cos(angle)) = 0.84239pt)! on input line 652.

 [warning /pgfplots/warning/ticklabel anchor undetermined]

Package pgfplots Warning: the ticklabel anchor cannot be determined, the normal
 vector -(0.62912pt,-0.77728pt) and the unit x vector (0.94899pt,-0.31569pt) ar
e almost parallel (abs(cos(angle)) = 0.84239pt)! on input line 652.

 [warning /pgfplots/warning/ticklabel anchor undetermined]

Package pgfplots Warning: the ticklabel anchor cannot be determined, the normal
 vector -(-0.48035pt,-0.87703pt) and the unit y vector (0.90417pt,0.4272pt) are
 almost parallel (abs(cos(angle)) = 0.80898pt)! on input line 652.

 [warning /pgfplots/warning/ticklabel anchor undetermined]

Package pgfplots Warning: the ticklabel anchor cannot be determined, the normal
 vector -(-0.48035pt,-0.87703pt) and the unit y vector (0.90417pt,0.4272pt) are
 almost parallel (abs(cos(angle)) = 0.80898pt)! on input line 652.

 [warning /pgfplots/warning/ticklabel anchor undetermined]


LaTeX Info: Redefining \. on input line 698.
LaTeX Info: Redefining \% on input line 698.
[464]

LaTeX Info: Redefining \. on input line 754.
LaTeX Info: Redefining \% on input line 754.
[465]

LaTeX Info: Redefining \. on input line 856.
LaTeX Info: Redefining \% on input line 856.
[466]

LaTeX Info: Redefining \. on input line 889.
LaTeX Info: Redefining \% on input line 889.
[467]

LaTeX Info: Redefining \. on input line 1014.
LaTeX Info: Redefining \% on input line 1014.
[468]













LaTeX Info: Redefining \. on input line 1080.
LaTeX Info: Redefining \% on input line 1080.
[469]) (./gradientes.tex

LaTeX Info: Redefining \. on input line 5.
LaTeX Info: Redefining \% on input line 5.
[470]
Capítulo 20.


[471

]
Overfull \hbox (93.90405pt too wide) detected at line 139
 $\OT1/cmr/m/n/12 = (2(3) + 2(9))(\OMS/cmsy/m/n/12 ^^@\OT1/cmr/m/n/12 0[]5) + (2
(5) + 2(9))(0[]3) + (2(3) + 2(5))(0[]3) = 24(\OMS/cmsy/m/n/12 ^^@\OT1/cmr/m/n/1
2 0[]5) + 28(0[]3) + 16(0[]3) = \OMS/cmsy/m/n/12 ^^@\OT1/cmr/m/n/12 12 + 8[]4 + 4[]8 = 1[]2 \OML/cmm/m/it/12 m[]\OT1/cmr/m/n/12 /\OML/cmm/m/it/12 s:$ 
 []



LaTeX Info: Redefining \. on input line 145.
LaTeX Info: Redefining \% on input line 145.
[472]

LaTeX Info: Redefining \. on input line 192.
LaTeX Info: Redefining \% on input line 192.
[473]

LaTeX Info: Redefining \. on input line 256.
LaTeX Info: Redefining \% on input line 256.
[474]

LaTeX Info: Redefining \. on input line 370.
LaTeX Info: Redefining \% on input line 370.
[475]

LaTeX Info: Redefining \. on input line 418.
LaTeX Info: Redefining \% on input line 418.
[476]

LaTeX Info: Redefining \. on input line 519.
LaTeX Info: Redefining \% on input line 519.
[477]

LaTeX Info: Redefining \. on input line 611.
LaTeX Info: Redefining \% on input line 611.
[478]

Package pgfplots Warning: the ticklabel anchor cannot be determined, the normal
 vector -(-0.62912pt,0.77728pt) and the unit x vector (0.94112pt,-0.33818pt) ar
e almost parallel (abs(cos(angle)) = 0.85492pt)! on input line 689.

 [warning /pgfplots/warning/ticklabel anchor undetermined]

Package pgfplots Warning: the ticklabel anchor cannot be determined, the normal
 vector -(-0.62912pt,0.77728pt) and the unit x vector (0.94112pt,-0.33818pt) ar
e almost parallel (abs(cos(angle)) = 0.85492pt)! on input line 689.

 [warning /pgfplots/warning/ticklabel anchor undetermined]

Package pgfplots Warning: the ticklabel anchor cannot be determined, the normal
 vector -(-0.62912pt,0.77728pt) and the unit x vector (0.94112pt,-0.33818pt) ar
e almost parallel (abs(cos(angle)) = 0.85492pt)! on input line 689.

 [warning /pgfplots/warning/ticklabel anchor undetermined]

Package pgfplots Warning: the ticklabel anchor cannot be determined, the normal
 vector -(-0.62912pt,0.77728pt) and the unit x vector (0.94112pt,-0.33818pt) ar
e almost parallel (abs(cos(angle)) = 0.85492pt)! on input line 689.

 [warning /pgfplots/warning/ticklabel anchor undetermined]

Package pgfplots Warning: the ticklabel anchor cannot be determined, the normal
 vector -(0.48035pt,0.87703pt) and the unit y vector (0.89076pt,0.45462pt) are 
almost parallel (abs(cos(angle)) = 0.82658pt)! on input line 689.

 [warning /pgfplots/warning/ticklabel anchor undetermined]

Package pgfplots Warning: the ticklabel anchor cannot be determined, the normal
 vector -(0.48035pt,0.87703pt) and the unit y vector (0.89076pt,0.45462pt) are 
almost parallel (abs(cos(angle)) = 0.82658pt)! on input line 689.

 [warning /pgfplots/warning/ticklabel anchor undetermined]

Package pgfplots Warning: the ticklabel anchor cannot be determined, the normal
 vector -(0.48035pt,0.87703pt) and the unit y vector (0.89076pt,0.45462pt) are 
almost parallel (abs(cos(angle)) = 0.82658pt)! on input line 689.

 [warning /pgfplots/warning/ticklabel anchor undetermined]

Package pgfplots Warning: the ticklabel anchor cannot be determined, the normal
 vector -(0.48035pt,0.87703pt) and the unit y vector (0.89076pt,0.45462pt) are 
almost parallel (abs(cos(angle)) = 0.82658pt)! on input line 689.

 [warning /pgfplots/warning/ticklabel anchor undetermined]

Package pgfplots Warning: the ticklabel anchor cannot be determined, the normal
 vector -(0.62912pt,-0.77728pt) and the unit x vector (0.94112pt,-0.33818pt) ar
e almost parallel (abs(cos(angle)) = 0.85492pt)! on input line 689.

 [warning /pgfplots/warning/ticklabel anchor undetermined]

Package pgfplots Warning: the ticklabel anchor cannot be determined, the normal
 vector -(0.62912pt,-0.77728pt) and the unit x vector (0.94112pt,-0.33818pt) ar
e almost parallel (abs(cos(angle)) = 0.85492pt)! on input line 689.

 [warning /pgfplots/warning/ticklabel anchor undetermined]

Package pgfplots Warning: the ticklabel anchor cannot be determined, the normal
 vector -(-0.48035pt,-0.87703pt) and the unit y vector (0.89076pt,0.45462pt) ar
e almost parallel (abs(cos(angle)) = 0.82658pt)! on input line 689.

 [warning /pgfplots/warning/ticklabel anchor undetermined]

Package pgfplots Warning: the ticklabel anchor cannot be determined, the normal
 vector -(-0.48035pt,-0.87703pt) and the unit y vector (0.89076pt,0.45462pt) ar
e almost parallel (abs(cos(angle)) = 0.82658pt)! on input line 689.

 [warning /pgfplots/warning/ticklabel anchor undetermined]


LaTeX Info: Redefining \. on input line 718.
LaTeX Info: Redefining \% on input line 718.
[479]

LaTeX Info: Redefining \. on input line 829.
LaTeX Info: Redefining \% on input line 829.
[480]

LaTeX Info: Redefining \. on input line 904.
LaTeX Info: Redefining \% on input line 904.
[481]

LaTeX Info: Redefining \. on input line 975.
LaTeX Info: Redefining \% on input line 975.
[482]

LaTeX Info: Redefining \. on input line 1047.
LaTeX Info: Redefining \% on input line 1047.
[483]

LaTeX Info: Redefining \. on input line 1154.
LaTeX Info: Redefining \% on input line 1154.
[484]

LaTeX Info: Redefining \. on input line 1228.
LaTeX Info: Redefining \% on input line 1228.
[485]







LaTeX Info: Redefining \. on input line 1305.
LaTeX Info: Redefining \% on input line 1305.
[486]) (./multiplicadoresintdobles.tex

LaTeX Info: Redefining \. on input line 5.
LaTeX Info: Redefining \% on input line 5.
[487]

LaTeX Info: Redefining \. on input line 5.
LaTeX Info: Redefining \% on input line 5.
[488

]
Capítulo 21.

Package pgfplots Warning: the ticklabel anchor cannot be determined, the normal
 vector -(-0.62912pt,0.77728pt) and the unit x vector (0.94891pt,-0.31569pt) ar
e almost parallel (abs(cos(angle)) = 0.84235pt)! on input line 92.

 [warning /pgfplots/warning/ticklabel anchor undetermined]

Package pgfplots Warning: the ticklabel anchor cannot be determined, the normal
 vector -(-0.62912pt,0.77728pt) and the unit x vector (0.94891pt,-0.31569pt) ar
e almost parallel (abs(cos(angle)) = 0.84235pt)! on input line 92.

 [warning /pgfplots/warning/ticklabel anchor undetermined]

Package pgfplots Warning: the ticklabel anchor cannot be determined, the normal
 vector -(-0.62912pt,0.77728pt) and the unit x vector (0.94891pt,-0.31569pt) ar
e almost parallel (abs(cos(angle)) = 0.84235pt)! on input line 92.

 [warning /pgfplots/warning/ticklabel anchor undetermined]

Package pgfplots Warning: the ticklabel anchor cannot be determined, the normal
 vector -(-0.62912pt,0.77728pt) and the unit x vector (0.94891pt,-0.31569pt) ar
e almost parallel (abs(cos(angle)) = 0.84235pt)! on input line 92.

 [warning /pgfplots/warning/ticklabel anchor undetermined]

Package pgfplots Warning: the ticklabel anchor cannot be determined, the normal
 vector -(0.48035pt,0.87703pt) and the unit y vector (0.90424pt,0.42725pt) are 
almost parallel (abs(cos(angle)) = 0.80904pt)! on input line 92.

 [warning /pgfplots/warning/ticklabel anchor undetermined]

Package pgfplots Warning: the ticklabel anchor cannot be determined, the normal
 vector -(0.48035pt,0.87703pt) and the unit y vector (0.90424pt,0.42725pt) are 
almost parallel (abs(cos(angle)) = 0.80904pt)! on input line 92.

 [warning /pgfplots/warning/ticklabel anchor undetermined]

Package pgfplots Warning: the ticklabel anchor cannot be determined, the normal
 vector -(0.48035pt,0.87703pt) and the unit y vector (0.90424pt,0.42725pt) are 
almost parallel (abs(cos(angle)) = 0.80904pt)! on input line 92.

 [warning /pgfplots/warning/ticklabel anchor undetermined]

Package pgfplots Warning: the ticklabel anchor cannot be determined, the normal
 vector -(0.48035pt,0.87703pt) and the unit y vector (0.90424pt,0.42725pt) are 
almost parallel (abs(cos(angle)) = 0.80904pt)! on input line 92.

 [warning /pgfplots/warning/ticklabel anchor undetermined]

Package pgfplots Warning: the ticklabel anchor cannot be determined, the normal
 vector -(0.62912pt,-0.77728pt) and the unit x vector (0.94891pt,-0.31569pt) ar
e almost parallel (abs(cos(angle)) = 0.84235pt)! on input line 92.

 [warning /pgfplots/warning/ticklabel anchor undetermined]

Package pgfplots Warning: the ticklabel anchor cannot be determined, the normal
 vector -(0.62912pt,-0.77728pt) and the unit x vector (0.94891pt,-0.31569pt) ar
e almost parallel (abs(cos(angle)) = 0.84235pt)! on input line 92.

 [warning /pgfplots/warning/ticklabel anchor undetermined]

Package pgfplots Warning: the ticklabel anchor cannot be determined, the normal
 vector -(-0.48035pt,-0.87703pt) and the unit y vector (0.90424pt,0.42725pt) ar
e almost parallel (abs(cos(angle)) = 0.80904pt)! on input line 92.

 [warning /pgfplots/warning/ticklabel anchor undetermined]

Package pgfplots Warning: the ticklabel anchor cannot be determined, the normal
 vector -(-0.48035pt,-0.87703pt) and the unit y vector (0.90424pt,0.42725pt) ar
e almost parallel (abs(cos(angle)) = 0.80904pt)! on input line 92.

 [warning /pgfplots/warning/ticklabel anchor undetermined]


[489]

LaTeX Info: Redefining \. on input line 168.
LaTeX Info: Redefining \% on input line 168.
[490]

LaTeX Info: Redefining \. on input line 295.
LaTeX Info: Redefining \% on input line 295.
[491]

LaTeX Info: Redefining \. on input line 355.
LaTeX Info: Redefining \% on input line 355.
[492]























LaTeX Info: Redefining \. on input line 471.
LaTeX Info: Redefining \% on input line 471.
[493]

LaTeX Info: Redefining \. on input line 471.
LaTeX Info: Redefining \% on input line 471.
[494]















LaTeX Info: Redefining \. on input line 541.
LaTeX Info: Redefining \% on input line 541.
[495]















LaTeX Info: Redefining \. on input line 581.
LaTeX Info: Redefining \% on input line 581.
[496]

LaTeX Info: Redefining \. on input line 620.
LaTeX Info: Redefining \% on input line 620.
[497]









LaTeX Info: Redefining \. on input line 667.
LaTeX Info: Redefining \% on input line 667.
[498]

LaTeX Info: Redefining \. on input line 727.
LaTeX Info: Redefining \% on input line 727.
[499]

LaTeX Info: Redefining \. on input line 814.
LaTeX Info: Redefining \% on input line 814.
[500]

LaTeX Info: Redefining \. on input line 866.
LaTeX Info: Redefining \% on input line 866.
[501]

LaTeX Info: Redefining \. on input line 952.
LaTeX Info: Redefining \% on input line 952.
[502]

LaTeX Info: Redefining \. on input line 1033.
LaTeX Info: Redefining \% on input line 1033.
[503]







LaTeX Info: Redefining \. on input line 1104.
LaTeX Info: Redefining \% on input line 1104.
[504]
Overfull \hbox (0.115pt too wide) in paragraph at lines 1148--1149
[][]\TU/TimesNewRoman(0)/b/n/12 Pro-ble-ma 21.57. []\TU/TimesNewRoman(0)/m/n/12
 De-ter-mi-ne el pun-to so-bre el plano $\OT1/cmr/m/n/12 3\OML/cmm/m/it/12 x \O
T1/cmr/m/n/12 + 8\OML/cmm/m/it/12 y \OT1/cmr/m/n/12 + 2\OML/cmm/m/it/12 z \OT1/
cmr/m/n/12 = \OMS/cmsy/m/n/12 ^^@\OT1/cmr/m/n/12 3$ \TU/TimesNewRoman(0)/m/n/12
 que es-tá más cer-ca al pun-to $\OT1/cmr/m/n/12 (3\OML/cmm/m/it/12 A; \OT1/c
mr/m/n/12 2\OML/cmm/m/it/12 A; \OT1/cmr/m/n/12 5\OML/cmm/m/it/12 A\OT1/cmr/m/n/
12 )\OML/cmm/m/it/12 :$
 []

)

LaTeX Info: Redefining \. on input line 526.
LaTeX Info: Redefining \% on input line 526.
[505]

LaTeX Info: Redefining \. on input line 526.
LaTeX Info: Redefining \% on input line 526.
[506

] (./vvpropios.tex

[507]

[508

]
Capítulo 22.


[509]
Overfull \hbox (5.97473pt too wide) in paragraph at lines 64--65
[]\TU/TimesNewRoman(0)/b/n/12 Mul-ti-pli-ci-dad al-ge-brai-ca\TU/TimesNewRoman(
0)/m/n/12 : Nú-me-ro de ve-ces que $\OML/cmm/m/it/12 $ \TU/TimesNewRoman(0)/m
/n/12 apa-re-ce co-mo raíz del po-li-no-mio ca-rac-te-rís-ti-co $[]\OT1/cmr/m
/n/12 (\OML/cmm/m/it/12 I \OMS/cmsy/m/n/12 ^^@
 []



LaTeX Info: Redefining \. on input line 85.
LaTeX Info: Redefining \% on input line 85.
[510]
Underfull \hbox (badness 10000) in paragraph at lines 150--158
[][]\TU/TimesNewRoman(0)/b/n/12 So-lu-ción:[] Pa-so 1. \TU/TimesNewRoman(0)/m/
n/12 Cal-cu-la-mos el po-li-no-mio ca-rac-te-rís-ti-co: $[]\OT1/cmr/m/n/12 (\O
ML/cmm/m/it/12 I \OMS/cmsy/m/n/12 ^^@ \OML/cmm/m/it/12 A\OT1/cmr/m/n/12 ) =
 []



LaTeX Info: Redefining \. on input line 220.
LaTeX Info: Redefining \% on input line 220.
[511]

LaTeX Info: Redefining \. on input line 279.
LaTeX Info: Redefining \% on input line 279.
[512]

LaTeX Info: Redefining \. on input line 339.
LaTeX Info: Redefining \% on input line 339.
[513]

LaTeX Info: Redefining \. on input line 413.
LaTeX Info: Redefining \% on input line 413.
[514]

LaTeX Info: Redefining \. on input line 474.
LaTeX Info: Redefining \% on input line 474.
[515]

LaTeX Info: Redefining \. on input line 564.
LaTeX Info: Redefining \% on input line 564.
[516]

LaTeX Info: Redefining \. on input line 606.
LaTeX Info: Redefining \% on input line 606.
[517]

LaTeX Info: Redefining \. on input line 643.
LaTeX Info: Redefining \% on input line 643.
[518]

LaTeX Info: Redefining \. on input line 716.
LaTeX Info: Redefining \% on input line 716.
[519]

LaTeX Info: Redefining \. on input line 794.
LaTeX Info: Redefining \% on input line 794.
[520]

LaTeX Info: Redefining \. on input line 844.
LaTeX Info: Redefining \% on input line 844.
[521]

LaTeX Info: Redefining \. on input line 915.
LaTeX Info: Redefining \% on input line 915.
[522]
Overfull \hbox (4.91805pt too wide) detected at line 958
 $\OT1/cmr/m/n/12 3[] \OMS/cmsy/m/n/12 ^^@ \OT1/cmr/m/n/12 (\OML/cmm/m/it/12 a 
\OT1/cmr/m/n/12 + 4)3 + (4\OML/cmm/m/it/12 a \OT1/cmr/m/n/12 + 1) = 0  =[]\OMS/
cmsy/m/n/12 )  \OT1/cmr/m/n/12 9 \OMS/cmsy/m/n/12 ^^@ \OT1/cmr/m/n/12 3\OML/cmm
/m/it/12 a \OMS/cmsy/m/n/12 ^^@ \OT1/cmr/m/n/12 12 + 4\OML/cmm/m/it/12 a \OT1/c
mr/m/n/12 + 1 = 0  =[]\OMS/cmsy/m/n/12 )  \OT1/cmr/m/n/12 (4\OML/cmm/m/it/12 a 
\OMS/cmsy/m/n/12 ^^@ \OT1/cmr/m/n/12 3\OML/cmm/m/it/12 a\OT1/cmr/m/n/12 ) + (9 
\OMS/cmsy/m/n/12 ^^@ \OT1/cmr/m/n/12 12 + 1) = 0  =[]\OMS/cmsy/m/n/12 )  []$ 
 []



LaTeX Info: Redefining \. on input line 1011.
LaTeX Info: Redefining \% on input line 1011.
[523]

LaTeX Info: Redefining \. on input line 1037.
LaTeX Info: Redefining \% on input line 1037.
[524]

LaTeX Info: Redefining \. on input line 1091.
LaTeX Info: Redefining \% on input line 1091.
[525]

LaTeX Info: Redefining \. on input line 1160.
LaTeX Info: Redefining \% on input line 1160.
[526]

LaTeX Info: Redefining \. on input line 1223.
LaTeX Info: Redefining \% on input line 1223.
[527]

LaTeX Info: Redefining \. on input line 1287.
LaTeX Info: Redefining \% on input line 1287.
[528]

LaTeX Info: Redefining \. on input line 1360.
LaTeX Info: Redefining \% on input line 1360.
[529]

LaTeX Info: Redefining \. on input line 1412.
LaTeX Info: Redefining \% on input line 1412.
[530]

LaTeX Info: Redefining \. on input line 1494.
LaTeX Info: Redefining \% on input line 1494.
[531]

LaTeX Info: Redefining \. on input line 1566.
LaTeX Info: Redefining \% on input line 1566.
[532]) (./translineales.tex

LaTeX Info: Redefining \. on input line 1.
LaTeX Info: Redefining \% on input line 1.
[533]

LaTeX Info: Redefining \. on input line 1.
LaTeX Info: Redefining \% on input line 1.
[534

]
Capítulo 23.


[535]

LaTeX Info: Redefining \. on input line 107.
LaTeX Info: Redefining \% on input line 107.
[536]

LaTeX Info: Redefining \. on input line 155.
LaTeX Info: Redefining \% on input line 155.
[537]
Overfull \hbox (8.19984pt too wide) in paragraph at lines 223--224
\TU/TimesNewRoman(0)/m/n/12 una ba-se de $[]\OT1/cmr/m/n/12 (\OML/cmm/m/it/12 T\OT1/cmr/m/n/12 )$\TU/TimesNewRoman(0)/m/n/12 . Co-mo $[]\OT1/cmr/m/n/12 (\OML/cmm/m/it/12 V\OT1/cmr/m/n/12 ) = \OML/cmm/m/it/12 n$\TU/TimesNewRoman(0)/m/n/12 , es po-si-ble com-ple-tar es-ta ba-se a una ba-se de $\OML/cmm/m/it/12 V$\TU/TimesNewRoman(0)/m/n/12 : $\OMS/cmsy/m/n/12 f\OML/cmm/m/it/12 v[]; [] ; v[]; v[]; [] ; v[]\OMS/cmsy/m/n/12 g$\TU/TimesNewRoman(0)/m/n/12 . 
 []



LaTeX Info: Redefining \. on input line 227.
LaTeX Info: Redefining \% on input line 227.
[538]

LaTeX Info: Redefining \. on input line 283.
LaTeX Info: Redefining \% on input line 283.
[539]

LaTeX Info: Redefining \. on input line 357.
LaTeX Info: Redefining \% on input line 357.
[540]

LaTeX Info: Redefining \. on input line 412.
LaTeX Info: Redefining \% on input line 412.
[541]
Overfull \hbox (1.92943pt too wide) in paragraph at lines 471--472
[]\TU/TimesNewRoman(0)/m/n/12 Sea $\OML/cmm/m/it/12 V$ \TU/TimesNewRoman(0)/m/n
/12 un es-pa-cio vec-to-rial so-bre $\U/msb/m/n/12 R$ \TU/TimesNewRoman(0)/m/n/
12 con $[]\OT1/cmr/m/n/12 (\OML/cmm/m/it/12 V\OT1/cmr/m/n/12 ) = \OML/cmm/m/it/
12 n$\TU/TimesNewRoman(0)/m/n/12 . En-ton-ces exis-te una ba-se $\OML/cmm/m/it/
12 B \OT1/cmr/m/n/12 = \OMS/cmsy/m/n/12 f\OML/cmm/m/it/12 v[]; [] ; v[]\OMS/cms
y/m/n/12 g$
 []



LaTeX Info: Redefining \. on input line 478.
LaTeX Info: Redefining \% on input line 478.
[542]

LaTeX Info: Redefining \. on input line 561.
LaTeX Info: Redefining \% on input line 561.
[543]
Overfull \hbox (74.4474pt too wide) detected at line 602
[]
 []


Overfull \hbox (9.42995pt too wide) detected at line 607
[]
 []



LaTeX Info: Redefining \. on input line 617.
LaTeX Info: Redefining \% on input line 617.
[544]

LaTeX Info: Redefining \. on input line 690.
LaTeX Info: Redefining \% on input line 690.
[545]

LaTeX Info: Redefining \. on input line 754.
LaTeX Info: Redefining \% on input line 754.
[546]

LaTeX Info: Redefining \. on input line 808.
LaTeX Info: Redefining \% on input line 808.
[547]
Overfull \hbox (25.63403pt too wide) detected at line 854
[]
 []



LaTeX Info: Redefining \. on input line 876.
LaTeX Info: Redefining \% on input line 876.
[548]

LaTeX Info: Redefining \. on input line 940.
LaTeX Info: Redefining \% on input line 940.
[549]

LaTeX Info: Redefining \. on input line 1006.
LaTeX Info: Redefining \% on input line 1006.
[550]

LaTeX Info: Redefining \. on input line 1083.
LaTeX Info: Redefining \% on input line 1083.
[551]

LaTeX Info: Redefining \. on input line 1168.
LaTeX Info: Redefining \% on input line 1168.
[552]

LaTeX Info: Redefining \. on input line 1227.
LaTeX Info: Redefining \% on input line 1227.
[553]

LaTeX Info: Redefining \. on input line 1292.
LaTeX Info: Redefining \% on input line 1292.
[554]

LaTeX Info: Redefining \. on input line 1339.
LaTeX Info: Redefining \% on input line 1339.
[555]

LaTeX Info: Redefining \. on input line 1439.
LaTeX Info: Redefining \% on input line 1439.
[556]

LaTeX Info: Redefining \. on input line 1487.
LaTeX Info: Redefining \% on input line 1487.
[557]

LaTeX Info: Redefining \. on input line 1536.
LaTeX Info: Redefining \% on input line 1536.
[558]

LaTeX Info: Redefining \. on input line 1612.
LaTeX Info: Redefining \% on input line 1612.
[559]

LaTeX Info: Redefining \. on input line 1687.
LaTeX Info: Redefining \% on input line 1687.
[560]

LaTeX Info: Redefining \. on input line 1779.
LaTeX Info: Redefining \% on input line 1779.
[561]

LaTeX Info: Redefining \. on input line 1847.
LaTeX Info: Redefining \% on input line 1847.
[562]
Overfull \hbox (49.70276pt too wide) in paragraph at lines 1880--1893
\TU/TimesNewRoman(0)/m/n/12 ción li-neal y $[]$ con $\OML/cmm/m/it/12 k \OMS/c
msy/m/n/12  \OML/cmm/m/it/12 m$ \TU/TimesNewRoman(0)/m/n/12 es un con-jun-to li
-neal-men-te de-pen-dien-te en $\OML/cmm/m/it/12 V$\TU/TimesNewRoman(0)/m/n/12 
, en-ton-ces $[]$
 []



LaTeX Info: Redefining \. on input line 1893.
LaTeX Info: Redefining \% on input line 1893.
[563]

LaTeX Info: Redefining \. on input line 1962.
LaTeX Info: Redefining \% on input line 1962.
[564]

LaTeX Info: Redefining \. on input line 2001.
LaTeX Info: Redefining \% on input line 2001.
[565]

LaTeX Info: Redefining \. on input line 2090.
LaTeX Info: Redefining \% on input line 2090.
[566]

LaTeX Info: Redefining \. on input line 2177.
LaTeX Info: Redefining \% on input line 2177.
[567]

LaTeX Info: Redefining \. on input line 2251.
LaTeX Info: Redefining \% on input line 2251.
[568]
Underfull \hbox (badness 10000) in paragraph at lines 2342--2342
[]\TU/TimesNewRoman(0)/m/n/12 Fi-gu-ra 23.18: []Figura ori-gi-nal (Su-do-ku 3D 
cu-be, []$\TU/lmtt/m/n/12 https://texample.net/tikz/examples/
 []



LaTeX Info: Redefining \. on input line 2344.
LaTeX Info: Redefining \% on input line 2344.
[569]

LaTeX Info: Redefining \. on input line 2439.
LaTeX Info: Redefining \% on input line 2439.
[570]

LaTeX Info: Redefining \. on input line 2534.
LaTeX Info: Redefining \% on input line 2534.
[571]

LaTeX Info: Redefining \. on input line 2605.
LaTeX Info: Redefining \% on input line 2605.
[572])

LaTeX Info: Redefining \. on input line 533.
LaTeX Info: Redefining \% on input line 533.
[573]

LaTeX Info: Redefining \. on input line 533.
LaTeX Info: Redefining \% on input line 533.
[574

] (./sucesionesyseries.tex

[575]

[576

]
Capítulo 24.


[577]

LaTeX Info: Redefining \. on input line 116.
LaTeX Info: Redefining \% on input line 116.
[578]

LaTeX Info: Redefining \. on input line 218.
LaTeX Info: Redefining \% on input line 218.
[579]
Package pgfplots info on input line 259: fill between: activating layered graph
ics
Package pgfplots info on input line 259: Setting layers 'axis background,axis g
rid,axis ticks,axis lines,axis tick labels,pre main,main,axis descriptions,axis
 foreground'...


LaTeX Info: Redefining \. on input line 300.
LaTeX Info: Redefining \% on input line 300.
[580]

LaTeX Info: Redefining \. on input line 380.
LaTeX Info: Redefining \% on input line 380.
[581]
Package pgfplots info on input line 443: fill between: activating layered graph
ics
Package pgfplots info on input line 443: Setting layers 'axis background,axis g
rid,axis ticks,axis lines,axis tick labels,pre main,main,axis descriptions,axis
 foreground'...


LaTeX Info: Redefining \. on input line 559.
LaTeX Info: Redefining \% on input line 559.
[582]

LaTeX Info: Redefining \. on input line 559.
LaTeX Info: Redefining \% on input line 559.
[583]

LaTeX Info: Redefining \. on input line 654.
LaTeX Info: Redefining \% on input line 654.
[584]

LaTeX Info: Redefining \. on input line 740.
LaTeX Info: Redefining \% on input line 740.
[585]

LaTeX Info: Redefining \. on input line 786.
LaTeX Info: Redefining \% on input line 786.
[586]

Package hyperref Warning: Token not allowed in a PDF string (Unicode):
(hyperref)                removing `math shift' on input line 853.


Package hyperref Warning: Token not allowed in a PDF string (Unicode):
(hyperref)                removing `math shift' on input line 853.



LaTeX Info: Redefining \. on input line 902.
LaTeX Info: Redefining \% on input line 902.
[587]
Package pgfplots info on input line 939: fill between: activating layered graph
ics
Package pgfplots info on input line 939: Setting layers 'axis background,axis g
rid,axis ticks,axis lines,axis tick labels,pre main,main,axis descriptions,axis
 foreground'...


LaTeX Info: Redefining \. on input line 964.
LaTeX Info: Redefining \% on input line 964.
[588]
Package pgfplots info on input line 1019: fill between: activating layered grap
hics
Package pgfplots info on input line 1019: Setting layers 'axis background,axis 
grid,axis ticks,axis lines,axis tick labels,pre main,main,axis descriptions,axi
s foreground'...


LaTeX Info: Redefining \. on input line 1045.
LaTeX Info: Redefining \% on input line 1045.
[589]

LaTeX Info: Redefining \. on input line 1111.
LaTeX Info: Redefining \% on input line 1111.
[590]

LaTeX Info: Redefining \. on input line 1205.
LaTeX Info: Redefining \% on input line 1205.
[591]

LaTeX Info: Redefining \. on input line 1329.
LaTeX Info: Redefining \% on input line 1329.
[592]

LaTeX Info: Redefining \. on input line 1348.
LaTeX Info: Redefining \% on input line 1348.
[593]

LaTeX Info: Redefining \. on input line 1436.
LaTeX Info: Redefining \% on input line 1436.
[594]) (./sucesionesyseriesfunciones.tex

LaTeX Info: Redefining \. on input line 7.
LaTeX Info: Redefining \% on input line 7.
[595]

LaTeX Info: Redefining \. on input line 7.
LaTeX Info: Redefining \% on input line 7.
[596

]
Capítulo 25.
Package pgfplots info on input line 112: fill between: activating layered graph
ics
Package pgfplots info on input line 112: Setting layers 'axis background,axis g
rid,axis ticks,axis lines,axis tick labels,pre main,main,axis descriptions,axis
 foreground'...


[597]

LaTeX Info: Redefining \. on input line 200.
LaTeX Info: Redefining \% on input line 200.
[598]

LaTeX Info: Redefining \. on input line 347.
LaTeX Info: Redefining \% on input line 347.
[599]

LaTeX Info: Redefining \. on input line 389.
LaTeX Info: Redefining \% on input line 389.
[600]

LaTeX Info: Redefining \. on input line 488.
LaTeX Info: Redefining \% on input line 488.
[601]
Overfull \hbox (3.32472pt too wide) in paragraph at lines 497--504
\TU/TimesNewRoman(0)/m/it/12 Una de-mos-tra-ción cons-truc-ti-va ele-gan-te uti
-li-za los po-li-no-mios de Berns-tein $\OML/cmm/m/it/12 B[]\OT1/cmr/m/n/12 (\O
ML/cmm/m/it/12 f\OT1/cmr/m/n/12 )(\OML/cmm/m/it/12 x\OT1/cmr/m/n/12 ) = [] \OML
/cmm/m/it/12 f\OT1/cmr/m/n/12 (\OML/cmm/m/it/12 k\OT1/cmr/m/n/12 /\OML/cmm/m/it
/12 n\OT1/cmr/m/n/12 )[]\OML/cmm/m/it/12 x[]\OT1/cmr/m/n/12 (1 \OMS/cmsy/m/n/12
 ^^@
 []



LaTeX Info: Redefining \. on input line 594.
LaTeX Info: Redefining \% on input line 594.
[602]

LaTeX Info: Redefining \. on input line 690.
LaTeX Info: Redefining \% on input line 690.
[603]

LaTeX Info: Redefining \. on input line 774.
LaTeX Info: Redefining \% on input line 774.
[604]

LaTeX Info: Redefining \. on input line 865.
LaTeX Info: Redefining \% on input line 865.
[605]

LaTeX Info: Redefining \. on input line 1007.
LaTeX Info: Redefining \% on input line 1007.
[606]

LaTeX Info: Redefining \. on input line 1058.
LaTeX Info: Redefining \% on input line 1058.
[607]

LaTeX Info: Redefining \. on input line 1154.
LaTeX Info: Redefining \% on input line 1154.
[608]

LaTeX Info: Redefining \. on input line 1295.
LaTeX Info: Redefining \% on input line 1295.
[609]

LaTeX Info: Redefining \. on input line 1365.
LaTeX Info: Redefining \% on input line 1365.
[610]

LaTeX Info: Redefining \. on input line 1444.
LaTeX Info: Redefining \% on input line 1444.
[611]

LaTeX Info: Redefining \. on input line 1499.
LaTeX Info: Redefining \% on input line 1499.
[612]

LaTeX Info: Redefining \. on input line 1619.
LaTeX Info: Redefining \% on input line 1619.
[613]

LaTeX Info: Redefining \. on input line 1631.
LaTeX Info: Redefining \% on input line 1631.
[614]

LaTeX Info: Redefining \. on input line 1717.
LaTeX Info: Redefining \% on input line 1717.
[615]

LaTeX Info: Redefining \. on input line 1851.
LaTeX Info: Redefining \% on input line 1851.
[616]

LaTeX Info: Redefining \. on input line 1913.
LaTeX Info: Redefining \% on input line 1913.
[617])

LaTeX Info: Redefining \. on input line 540.
LaTeX Info: Redefining \% on input line 540.
[618]
Overfull \hbox (5.27039pt too wide) in paragraph at lines 540--540
 [][][]\TU/lmss/bx/n/30 VIII 
 []

("./cap27_EDOs primer orden.tex"

[619

]

[620

]
Capítulo 26.


[621]

LaTeX Info: Redefining \. on input line 100.
LaTeX Info: Redefining \% on input line 100.
[622]

LaTeX Info: Redefining \. on input line 184.
LaTeX Info: Redefining \% on input line 184.
[623]

LaTeX Info: Redefining \. on input line 256.
LaTeX Info: Redefining \% on input line 256.
[624]

LaTeX Info: Redefining \. on input line 318.
LaTeX Info: Redefining \% on input line 318.
[625]

LaTeX Info: Redefining \. on input line 382.
LaTeX Info: Redefining \% on input line 382.
[626]

LaTeX Info: Redefining \. on input line 436.
LaTeX Info: Redefining \% on input line 436.
[627]

LaTeX Info: Redefining \. on input line 519.
LaTeX Info: Redefining \% on input line 519.
[628]

LaTeX Info: Redefining \. on input line 551.
LaTeX Info: Redefining \% on input line 551.
[629]

LaTeX Info: Redefining \. on input line 596.
LaTeX Info: Redefining \% on input line 596.
[630]

LaTeX Info: Redefining \. on input line 646.
LaTeX Info: Redefining \% on input line 646.
[631]

LaTeX Info: Redefining \. on input line 710.
LaTeX Info: Redefining \% on input line 710.
[632]

LaTeX Info: Redefining \. on input line 775.
LaTeX Info: Redefining \% on input line 775.
[633]) ("./cap28_EDOs orden n.tex"

LaTeX Info: Redefining \. on input line 1.
LaTeX Info: Redefining \% on input line 1.
[634]
Capítulo 27.

Package hyperref Warning: Token not allowed in a PDF string (Unicode):
(hyperref)                removing `math shift' on input line 3.


Package hyperref Warning: Token not allowed in a PDF string (Unicode):
(hyperref)                removing `math shift' on input line 3.



[635

]

LaTeX Info: Redefining \. on input line 139.
LaTeX Info: Redefining \% on input line 139.
[636]

LaTeX Info: Redefining \. on input line 217.
LaTeX Info: Redefining \% on input line 217.
[637]

LaTeX Info: Redefining \. on input line 308.
LaTeX Info: Redefining \% on input line 308.
[638]

LaTeX Info: Redefining \. on input line 370.
LaTeX Info: Redefining \% on input line 370.
[639]

LaTeX Info: Redefining \. on input line 444.
LaTeX Info: Redefining \% on input line 444.
[640]

LaTeX Info: Redefining \. on input line 525.
LaTeX Info: Redefining \% on input line 525.
[641]

LaTeX Info: Redefining \. on input line 628.
LaTeX Info: Redefining \% on input line 628.
[642]

LaTeX Info: Redefining \. on input line 674.
LaTeX Info: Redefining \% on input line 674.
[643]

LaTeX Info: Redefining \. on input line 746.
LaTeX Info: Redefining \% on input line 746.
[644]
Underfull \hbox (badness 8189) in paragraph at lines 784--786
[][]\TU/TimesNewRoman(0)/b/n/12 So-lu-ción:[] $\OML/cmm/m/it/12 m[] \OT1/cmr/m
/n/12 + 4 = 0 \OMS/cmsy/m/n/12 ) \OML/cmm/m/it/12 m \OT1/cmr/m/n/12 = \OMS/cmsy
/m/n/12 \OT1/cmr/m/n/12 2\OML/cmm/m/it/12 i$\TU/TimesNewRoman(0)/m/n/12 , $\OM
L/cmm/m/it/12 y \OT1/cmr/m/n/12 = \OML/cmm/m/it/12 c[] []\OT1/cmr/m/n/12 (2 [] 
\OML/cmm/m/it/12 x\OT1/cmr/m/n/12 ) + \OML/cmm/m/it/12 c[] []\OT1/cmr/m/n/12 (2 [] \OML/cmm/m/it/12 x\OT1/cmr/m/n/12 )$\TU/TimesNewRoman(0)/m/n/12 .
 []



LaTeX Info: Redefining \. on input line 802.
LaTeX Info: Redefining \% on input line 802.
[645]
Underfull \hbox (badness 1178) in paragraph at lines 808--810
[][]\TU/TimesNewRoman(0)/b/n/12 So-lu-ción:[] $\OML/cmm/m/it/12 y[] \OT1/cmr/m
/n/12 = \OML/cmm/m/it/12 e[]; y[] \OT1/cmr/m/n/12 = \OML/cmm/m/it/12 xe[]; W \O
T1/cmr/m/n/12 = \OML/cmm/m/it/12 e[]$\TU/TimesNewRoman(0)/m/n/12 . $\OML/cmm/m/
it/12 g \OT1/cmr/m/n/12 = \OML/cmm/m/it/12 e[] [] x$\TU/TimesNewRoman(0)/m/n/12
 . $\OML/cmm/m/it/12 u[] \OT1/cmr/m/n/12 = \OMS/cmsy/m/n/12 ^^@[] \OT1/cmr/m/n/
12 =
 []

) ("./cap29_Sistemas de EDOs.tex"

LaTeX Info: Redefining \. on input line 1.
LaTeX Info: Redefining \% on input line 1.
[646]
Capítulo 28.

Package hyperref Warning: Token not allowed in a PDF string (Unicode):
(hyperref)                removing `math shift' on input line 50.


Package hyperref Warning: Token not allowed in a PDF string (Unicode):
(hyperref)                removing `math shift' on input line 50.



[647

]

LaTeX Info: Redefining \. on input line 168.
LaTeX Info: Redefining \% on input line 168.
[648]

LaTeX Info: Redefining \. on input line 278.
LaTeX Info: Redefining \% on input line 278.
[649]

LaTeX Info: Redefining \. on input line 307.
LaTeX Info: Redefining \% on input line 307.
[650]

Package hyperref Warning: Token not allowed in a PDF string (Unicode):
(hyperref)                removing `math shift' on input line 307.


Package hyperref Warning: Token not allowed in a PDF string (Unicode):
(hyperref)                removing `math shift' on input line 307.



LaTeX Info: Redefining \. on input line 401.
LaTeX Info: Redefining \% on input line 401.
[651]

LaTeX Info: Redefining \. on input line 503.
LaTeX Info: Redefining \% on input line 503.
[652]

LaTeX Info: Redefining \. on input line 605.
LaTeX Info: Redefining \% on input line 605.
[653]

LaTeX Info: Redefining \. on input line 805.
LaTeX Info: Redefining \% on input line 805.
[654]

LaTeX Info: Redefining \. on input line 826.
LaTeX Info: Redefining \% on input line 826.
[655]

Package hyperref Warning: Token not allowed in a PDF string (Unicode):
(hyperref)                removing `math shift' on input line 865.


Package hyperref Warning: Token not allowed in a PDF string (Unicode):
(hyperref)                removing `math shift' on input line 865.



LaTeX Info: Redefining \. on input line 943.
LaTeX Info: Redefining \% on input line 943.
[656]

LaTeX Info: Redefining \. on input line 1082.
LaTeX Info: Redefining \% on input line 1082.
[657]
Overfull \hbox (39.09036pt too wide) in paragraph at lines 1086--1087
[][]\TU/TimesNewRoman(0)/b/n/12 Ejem-plo 28.20 \TU/TimesNewRoman(0)/m/n/12 (Co-e
fi-cien-tes in-de-ter-mi-na-dos: for-za-mien-to cons-tan-te, es-pec-tro com-ple-
jo)\TU/TimesNewRoman(0)/b/n/12 . []\TU/TimesNewRoman(0)/m/n/12 Re-sol-ver $\TU/
TimesNewRoman(0)/b/n/12 X[] \OT1/cmr/m/n/12 = [] \TU/TimesNewRoman(0)/b/n/12 X 
\OT1/cmr/m/n/12 +
 []



LaTeX Info: Redefining \. on input line 1203.
LaTeX Info: Redefining \% on input line 1203.
[658]

LaTeX Info: Redefining \. on input line 1302.
LaTeX Info: Redefining \% on input line 1302.
[659]

LaTeX Info: Redefining \. on input line 1339.
LaTeX Info: Redefining \% on input line 1339.
[660]

LaTeX Info: Redefining \. on input line 1432.
LaTeX Info: Redefining \% on input line 1432.
[661]

LaTeX Info: Redefining \. on input line 1526.
LaTeX Info: Redefining \% on input line 1526.
[662]

LaTeX Info: Redefining \. on input line 1641.
LaTeX Info: Redefining \% on input line 1641.
[663]

LaTeX Info: Redefining \. on input line 1812.
LaTeX Info: Redefining \% on input line 1812.
[664]

LaTeX Info: Redefining \. on input line 1938.
LaTeX Info: Redefining \% on input line 1938.
[665]

LaTeX Info: Redefining \. on input line 2038.
LaTeX Info: Redefining \% on input line 2038.
[666]) ("./cap30_Sol EDOs Series Potencias.tex"

LaTeX Info: Redefining \. on input line 1.
LaTeX Info: Redefining \% on input line 1.
[667]

LaTeX Info: Redefining \. on input line 1.
LaTeX Info: Redefining \% on input line 1.
[668

]
Capítulo 29.


[669]

LaTeX Info: Redefining \. on input line 122.
LaTeX Info: Redefining \% on input line 122.

Package fancyhdr Warning: \headheight is too small (15.0pt): 
(fancyhdr)                Make it at least 29.47003pt, for example:
(fancyhdr)                \setlength{\headheight}{29.47003pt}.
(fancyhdr)                You might also make \topmargin smaller:
(fancyhdr)                \addtolength{\topmargin}{-14.47003pt}.

[670]

LaTeX Info: Redefining \. on input line 179.
LaTeX Info: Redefining \% on input line 179.
[671]
Overfull \hbox (11.23534pt too wide) detected at line 231
 $[]\OML/cmm/m/it/12 :$ 
 []



LaTeX Info: Redefining \. on input line 239.
LaTeX Info: Redefining \% on input line 239.

Package fancyhdr Warning: \headheight is too small (15.0pt): 
(fancyhdr)                Make it at least 29.47003pt, for example:
(fancyhdr)                \setlength{\headheight}{29.47003pt}.
(fancyhdr)                You might also make \topmargin smaller:
(fancyhdr)                \addtolength{\topmargin}{-14.47003pt}.

[672]

LaTeX Info: Redefining \. on input line 315.
LaTeX Info: Redefining \% on input line 315.
[673]

LaTeX Info: Redefining \. on input line 375.
LaTeX Info: Redefining \% on input line 375.

Package fancyhdr Warning: \headheight is too small (15.0pt): 
(fancyhdr)                Make it at least 29.47003pt, for example:
(fancyhdr)                \setlength{\headheight}{29.47003pt}.
(fancyhdr)                You might also make \topmargin smaller:
(fancyhdr)                \addtolength{\topmargin}{-14.47003pt}.

[674]

LaTeX Info: Redefining \. on input line 438.
LaTeX Info: Redefining \% on input line 438.
[675]

LaTeX Info: Redefining \. on input line 505.
LaTeX Info: Redefining \% on input line 505.

Package fancyhdr Warning: \headheight is too small (15.0pt): 
(fancyhdr)                Make it at least 29.47003pt, for example:
(fancyhdr)                \setlength{\headheight}{29.47003pt}.
(fancyhdr)                You might also make \topmargin smaller:
(fancyhdr)                \addtolength{\topmargin}{-14.47003pt}.

[676]

LaTeX Info: Redefining \. on input line 568.
LaTeX Info: Redefining \% on input line 568.
[677]

LaTeX Info: Redefining \. on input line 617.
LaTeX Info: Redefining \% on input line 617.

Package fancyhdr Warning: \headheight is too small (15.0pt): 
(fancyhdr)                Make it at least 29.47003pt, for example:
(fancyhdr)                \setlength{\headheight}{29.47003pt}.
(fancyhdr)                You might also make \topmargin smaller:
(fancyhdr)                \addtolength{\topmargin}{-14.47003pt}.

[678]

LaTeX Info: Redefining \. on input line 683.
LaTeX Info: Redefining \% on input line 683.
[679]

LaTeX Info: Redefining \. on input line 750.
LaTeX Info: Redefining \% on input line 750.

Package fancyhdr Warning: \headheight is too small (15.0pt): 
(fancyhdr)                Make it at least 29.47003pt, for example:
(fancyhdr)                \setlength{\headheight}{29.47003pt}.
(fancyhdr)                You might also make \topmargin smaller:
(fancyhdr)                \addtolength{\topmargin}{-14.47003pt}.

[680]

LaTeX Info: Redefining \. on input line 820.
LaTeX Info: Redefining \% on input line 820.
[681]) ("./cap31_Transformada de Laplace.tex"

LaTeX Info: Redefining \. on input line 1.
LaTeX Info: Redefining \% on input line 1.

Package fancyhdr Warning: \headheight is too small (15.0pt): 
(fancyhdr)                Make it at least 29.47003pt, for example:
(fancyhdr)                \setlength{\headheight}{29.47003pt}.
(fancyhdr)                You might also make \topmargin smaller:
(fancyhdr)                \addtolength{\topmargin}{-14.47003pt}.

[682]
Capítulo 30.


[683

]

LaTeX Info: Redefining \. on input line 118.
LaTeX Info: Redefining \% on input line 118.
[684]

LaTeX Info: Redefining \. on input line 173.
LaTeX Info: Redefining \% on input line 173.
[685]

LaTeX Info: Redefining \. on input line 237.
LaTeX Info: Redefining \% on input line 237.
[686]

LaTeX Info: Redefining \. on input line 319.
LaTeX Info: Redefining \% on input line 319.
[687]

LaTeX Info: Redefining \. on input line 402.
LaTeX Info: Redefining \% on input line 402.
[688]

LaTeX Info: Redefining \. on input line 440.
LaTeX Info: Redefining \% on input line 440.
[689]
Overfull \hbox (3.13022pt too wide) in paragraph at lines 444--468
[][]\TU/TimesNewRoman(0)/b/n/12 Ejem-plo 30.25 \TU/TimesNewRoman(0)/m/n/12 (Frac
-ción con de-no-mi-na-dor cua-drá-ti-co irre-du-ci-ble sin com-ple-tar)\TU/Ti
mesNewRoman(0)/b/n/12 . []\TU/TimesNewRoman(0)/m/n/12 Cal-cu-lar $\OMS/cmsy/m/n
/12 L[] []$\TU/TimesNewRoman(0)/m/n/12 . 
 []



LaTeX Info: Redefining \. on input line 506.
LaTeX Info: Redefining \% on input line 506.
[690]

LaTeX Info: Redefining \. on input line 570.
LaTeX Info: Redefining \% on input line 570.

Package fancyhdr Warning: \headheight is too small (15.0pt): 
(fancyhdr)                Make it at least 29.47003pt, for example:
(fancyhdr)                \setlength{\headheight}{29.47003pt}.
(fancyhdr)                You might also make \topmargin smaller:
(fancyhdr)                \addtolength{\topmargin}{-14.47003pt}.

[691]

LaTeX Info: Redefining \. on input line 648.
LaTeX Info: Redefining \% on input line 648.
[692]
Underfull \hbox (badness 1024) in paragraph at lines 683--684
[]\TU/TimesNewRoman(0)/m/n/12 Se-gun-da par-te: $\OMS/cmsy/m/n/12 L[] [] \OT1/c
mr/m/n/12 = \OML/cmm/m/it/12 u\OT1/cmr/m/n/12 (\OML/cmm/m/it/12 t \OMS/cmsy/m/n
/12 ^^@ \OML/cmm/m/it/12 \OT1/cmr/m/n/12 ) \OMS/cmsy/m/n/12  L[] [] [][] \OT1
/cmr/m/n/12 = \OML/cmm/m/it/12 u\OT1/cmr/m/n/12 (\OML/cmm/m/it/12 t \OMS/cmsy/m
/n/12 ^^@ \OML/cmm/m/it/12 \OT1/cmr/m/n/12 ) \OMS/cmsy/m/n/12 
 []



LaTeX Info: Redefining \. on input line 703.
LaTeX Info: Redefining \% on input line 703.
[693]

LaTeX Info: Redefining \. on input line 778.
LaTeX Info: Redefining \% on input line 778.
[694]

LaTeX Info: Redefining \. on input line 832.
LaTeX Info: Redefining \% on input line 832.
[695]

LaTeX Info: Redefining \. on input line 911.
LaTeX Info: Redefining \% on input line 911.
[696]

LaTeX Info: Redefining \. on input line 965.
LaTeX Info: Redefining \% on input line 965.
[697]

LaTeX Info: Redefining \. on input line 1009.
LaTeX Info: Redefining \% on input line 1009.
[698]

LaTeX Info: Redefining \. on input line 1110.
LaTeX Info: Redefining \% on input line 1110.
[699]

LaTeX Info: Redefining \. on input line 1140.
LaTeX Info: Redefining \% on input line 1140.
[700]

LaTeX Info: Redefining \. on input line 1210.
LaTeX Info: Redefining \% on input line 1210.
[701]

LaTeX Info: Redefining \. on input line 1265.
LaTeX Info: Redefining \% on input line 1265.
[702]

LaTeX Info: Redefining \. on input line 1328.
LaTeX Info: Redefining \% on input line 1328.
[703]

LaTeX Info: Redefining \. on input line 1399.
LaTeX Info: Redefining \% on input line 1399.
[704]

LaTeX Info: Redefining \. on input line 1466.
LaTeX Info: Redefining \% on input line 1466.
[705])

LaTeX Info: Redefining \. on input line 550.
LaTeX Info: Redefining \% on input line 550.
[706] (./apintdobles.tex

[707

]

[708

]
Capítulo 31.


[709]
Overfull \hbox (8.39333pt too wide) in paragraph at lines 43--44
[][]\TU/TimesNewRoman(0)/b/n/12 Ele-gir or-den de in-te-gra-ción.
 []



LaTeX Info: Redefining \. on input line 104.
LaTeX Info: Redefining \% on input line 104.
[710]

LaTeX Info: Redefining \. on input line 238.
LaTeX Info: Redefining \% on input line 238.
[711]

LaTeX Info: Redefining \. on input line 293.
LaTeX Info: Redefining \% on input line 293.
[712]

LaTeX Info: Redefining \. on input line 341.
LaTeX Info: Redefining \% on input line 341.
[713]

LaTeX Info: Redefining \. on input line 413.
LaTeX Info: Redefining \% on input line 413.
[714]

LaTeX Info: Redefining \. on input line 467.
LaTeX Info: Redefining \% on input line 467.
[715]

LaTeX Info: Redefining \. on input line 549.
LaTeX Info: Redefining \% on input line 549.
[716]
Overfull \hbox (18.96085pt too wide) detected at line 610
 $\OML/cmm/m/it/12 M[] \OT1/cmr/m/n/12 = [] [][](\OML/cmm/m/it/12 x[] \OMS/cmsy
/m/n/12 ^^@ \OT1/cmr/m/n/12 2\OML/cmm/m/it/12 x[] \OT1/cmr/m/n/12 + \OML/cmm/m/
it/12 x[]\OT1/cmr/m/n/12 ) \OML/cmm/m/it/12 dx \OT1/cmr/m/n/12 = [] [] = [] [] 
= [] [] = [] \OMS/cmsy/m/n/12  [] \OT1/cmr/m/n/12 = []\OML/cmm/m/it/12 :$ 
 []



LaTeX Info: Redefining \. on input line 631.
LaTeX Info: Redefining \% on input line 631.
[717]
Overfull \hbox (31.48766pt too wide) detected at line 652
 $\OML/cmm/m/it/12 I[] \OT1/cmr/m/n/12 = [][] [][] \OML/cmm/m/it/12 y[]\OT1/cmr
/m/n/12 (\OML/cmm/m/it/12 x \OT1/cmr/m/n/12 + \OML/cmm/m/it/12 y\OT1/cmr/m/n/12
 ) \OML/cmm/m/it/12 dy dx \OT1/cmr/m/n/12 = [][] [][] \OML/cmm/m/it/12 dx \OT1/
cmr/m/n/12 = [][] [] \OML/cmm/m/it/12 dx \OT1/cmr/m/n/12 = [][] = [] + [] = [] 
+ [] = []\OML/cmm/m/it/12 :$ 
 []


Overfull \hbox (62.738pt too wide) detected at line 661
 $\OML/cmm/m/it/12 I[] \OT1/cmr/m/n/12 = [][] [][] \OML/cmm/m/it/12 x[]\OT1/cmr
/m/n/12 (\OML/cmm/m/it/12 x \OT1/cmr/m/n/12 + \OML/cmm/m/it/12 y\OT1/cmr/m/n/12
 ) \OML/cmm/m/it/12 dy dx \OT1/cmr/m/n/12 = [][] [][] \OML/cmm/m/it/12 dx \OT1/
cmr/m/n/12 = [][] [] \OML/cmm/m/it/12 dx \OT1/cmr/m/n/12 = [][] = [] + [] = 4 + [] = []\OML/cmm/m/it/12 :$ 
 []



LaTeX Info: Redefining \. on input line 671.
LaTeX Info: Redefining \% on input line 671.
[718]

LaTeX Info: Redefining \. on input line 764.
LaTeX Info: Redefining \% on input line 764.
[719]

LaTeX Info: Redefining \. on input line 764.
LaTeX Info: Redefining \% on input line 764.
[720]

LaTeX Info: Redefining \. on input line 800.
LaTeX Info: Redefining \% on input line 800.
[721]

LaTeX Info: Redefining \. on input line 899.
LaTeX Info: Redefining \% on input line 899.
[722]

LaTeX Info: Redefining \. on input line 938.
LaTeX Info: Redefining \% on input line 938.
[723]
Overfull \hbox (20.20311pt too wide) detected at line 1005
 $\OML/cmm/m/it/12 V \OT1/cmr/m/n/12 = [][]  [] \OML/cmm/m/it/12 d \OT1/cmr/m/
n/12 = [][] = [] \OMS/cmsy/m/n/12 ^^@ \OT1/cmr/m/n/12 (0 \OMS/cmsy/m/n/12 ^^@ \
OT1/cmr/m/n/12 1 + 0) = [] + 1 + []\OML/cmm/m/it/12 :$ 
 []



LaTeX Info: Redefining \. on input line 1010.
LaTeX Info: Redefining \% on input line 1010.
[724]

LaTeX Info: Redefining \. on input line 1085.
LaTeX Info: Redefining \% on input line 1085.
[725]

LaTeX Info: Redefining \. on input line 1136.
LaTeX Info: Redefining \% on input line 1136.
[726]

LaTeX Info: Redefining \. on input line 1189.
LaTeX Info: Redefining \% on input line 1189.
[727]

LaTeX Info: Redefining \. on input line 1285.
LaTeX Info: Redefining \% on input line 1285.
[728]

LaTeX Info: Redefining \. on input line 1340.
LaTeX Info: Redefining \% on input line 1340.
[729]

LaTeX Info: Redefining \. on input line 1482.
LaTeX Info: Redefining \% on input line 1482.
[730]

LaTeX Info: Redefining \. on input line 1541.
LaTeX Info: Redefining \% on input line 1541.
[731]

LaTeX Info: Redefining \. on input line 1600.
LaTeX Info: Redefining \% on input line 1600.
[732]

LaTeX Info: Redefining \. on input line 1691.
LaTeX Info: Redefining \% on input line 1691.
[733]

LaTeX Info: Redefining \. on input line 1772.
LaTeX Info: Redefining \% on input line 1772.
[734]) (./inttriples.tex

LaTeX Info: Redefining \. on input line 1.
LaTeX Info: Redefining \% on input line 1.
[735]

LaTeX Info: Redefining \. on input line 1.
LaTeX Info: Redefining \% on input line 1.
[736

]
Capítulo 32.


[737]

LaTeX Info: Redefining \. on input line 94.
LaTeX Info: Redefining \% on input line 94.
[738]

LaTeX Info: Redefining \. on input line 152.
LaTeX Info: Redefining \% on input line 152.
[739]

LaTeX Info: Redefining \. on input line 210.
LaTeX Info: Redefining \% on input line 210.
[740]
Overfull \hbox (62.56044pt too wide) detected at line 240
 $[][] [][] [][] \OML/cmm/m/it/12 x dz dy dx \OT1/cmr/m/n/12 = [][] [][] \OML/c
mm/m/it/12 x\OT1/cmr/m/n/12 (1 \OMS/cmsy/m/n/12 ^^@ \OML/cmm/m/it/12 x \OMS/cms
y/m/n/12 ^^@ \OML/cmm/m/it/12 y\OT1/cmr/m/n/12 ) \OML/cmm/m/it/12 dy dx \OT1/cm
r/m/n/12 = [][] \OML/cmm/m/it/12 x [] dx \OT1/cmr/m/n/12 = [] [][] \OML/cmm/m/i
t/12 x\OT1/cmr/m/n/12 (1 \OMS/cmsy/m/n/12 ^^@ \OML/cmm/m/it/12 x\OT1/cmr/m/n/12
 )[]\OML/cmm/m/it/12 dx:$ 
 []


Overfull \hbox (108.8181pt too wide) detected at line 279
 $[][]\OT1/cmr/m/n/12 (1 \OMS/cmsy/m/n/12 ^^@ \OML/cmm/m/it/12 x \OMS/cmsy/m/n/
12 ^^@ \OML/cmm/m/it/12 u\OT1/cmr/m/n/12 )\OML/cmm/m/it/12 u[]\OT1/cmr/m/n/12 (\OMS/cmsy/m/n/12 ^^@\OML/cmm/m/it/12 du\OT1/cmr/m/n/12 ) = [][](1 \OMS/cmsy/m/n/12 ^^@ \OML/cmm/m/it/12 x \OMS/cmsy/m/n/12 ^^@ \OML/cmm/m/it/12 u\OT1/cmr/m/n/12 )\OML/cmm/m/it/12 u[] du \OT1/cmr/m/n/12 = (1 \OMS/cmsy/m/n/12 ^^@ \OML/cmm/m/it/12 x\OT1/cmr/m/n/12 ) [][] \OML/cmm/m/it/12 u[] du \OMS/cmsy/m/n/12 ^^@ [][] \OML/cmm/m/it/12 u[] du \OT1/cmr/m/n/12 = (1 \OMS/cmsy/m/n/12 ^^@ \OML/cmm/m/it/12 x\OT1/cmr/m/n/12 )[] \OMS/cmsy/m/n/12 ^^@ [] \OT1/cmr/m/n/12 = []\OML/cmm/m/it/12 :$ 
 []



LaTeX Info: Redefining \. on input line 290.
LaTeX Info: Redefining \% on input line 290.
[741]

LaTeX Info: Redefining \. on input line 330.
LaTeX Info: Redefining \% on input line 330.
[742]

LaTeX Info: Redefining \. on input line 419.
LaTeX Info: Redefining \% on input line 419.
[743]

LaTeX Info: Redefining \. on input line 473.
LaTeX Info: Redefining \% on input line 473.
[744]

LaTeX Info: Redefining \. on input line 595.
LaTeX Info: Redefining \% on input line 595.
[745]

LaTeX Info: Redefining \. on input line 645.
LaTeX Info: Redefining \% on input line 645.
[746]

LaTeX Info: Redefining \. on input line 755.
LaTeX Info: Redefining \% on input line 755.
[747]

LaTeX Info: Redefining \. on input line 805.
LaTeX Info: Redefining \% on input line 805.
[748]

LaTeX Info: Redefining \. on input line 879.
LaTeX Info: Redefining \% on input line 879.
[749]

LaTeX Info: Redefining \. on input line 953.
LaTeX Info: Redefining \% on input line 953.
[750]

LaTeX Info: Redefining \. on input line 989.
LaTeX Info: Redefining \% on input line 989.
[751]) (./cap33.tex

LaTeX Info: Redefining \. on input line 5.
LaTeX Info: Redefining \% on input line 5.
[752]
Capítulo 33.


[753

]

LaTeX Info: Redefining \. on input line 184.
LaTeX Info: Redefining \% on input line 184.
[754]

LaTeX Info: Redefining \. on input line 256.
LaTeX Info: Redefining \% on input line 256.
[755]

LaTeX Info: Redefining \. on input line 335.
LaTeX Info: Redefining \% on input line 335.
[756]

LaTeX Info: Redefining \. on input line 441.
LaTeX Info: Redefining \% on input line 441.
[757]

LaTeX Info: Redefining \. on input line 482.
LaTeX Info: Redefining \% on input line 482.
[758]

LaTeX Info: Redefining \. on input line 588.
LaTeX Info: Redefining \% on input line 588.
[759]

LaTeX Info: Redefining \. on input line 649.
LaTeX Info: Redefining \% on input line 649.
[760]

LaTeX Info: Redefining \. on input line 772.
LaTeX Info: Redefining \% on input line 772.
[761]

LaTeX Info: Redefining \. on input line 825.
LaTeX Info: Redefining \% on input line 825.
[762]
Overfull \hbox (17.65842pt too wide) in paragraph at lines 905--908
[][]\TU/TimesNewRoman(0)/b/n/12 Pro-ble-ma 33.41 \TU/TimesNewRoman(0)/m/n/12 (Ap
li-ca-ción: ma-sa de un alam-bre)\TU/TimesNewRoman(0)/b/n/12 . []\TU/TimesNewR
oman(0)/m/n/12 Un alam-bre tie-ne la for-ma de la hé-li-ce $\TU/TimesNewRoman(
0)/b/n/12 r\OT1/cmr/m/n/12 (\OML/cmm/m/it/12 t\OT1/cmr/m/n/12 ) = (2 [] \OML/cm
m/m/it/12 t; \OT1/cmr/m/n/12 2 [] \OML/cmm/m/it/12 t; t\OT1/cmr/m/n/12 )$\TU/Ti
mesNewRoman(0)/m/n/12 ,
 []



LaTeX Info: Redefining \. on input line 914.
LaTeX Info: Redefining \% on input line 914.
[763]) (./cap34.tex

LaTeX Info: Redefining \. on input line 5.
LaTeX Info: Redefining \% on input line 5.
[764]
Capítulo 34.


[765

]

LaTeX Info: Redefining \. on input line 213.
LaTeX Info: Redefining \% on input line 213.
[766]

LaTeX Info: Redefining \. on input line 280.
LaTeX Info: Redefining \% on input line 280.
[767]

LaTeX Info: Redefining \. on input line 357.
LaTeX Info: Redefining \% on input line 357.
[768]

LaTeX Info: Redefining \. on input line 432.
LaTeX Info: Redefining \% on input line 432.
[769]
Missing character: There is no ✓ (U+2713) in font "name:Times New Roman:mode=n
ode;script=latn;language=dflt;+tlig;"!
Missing character: There is no ✓ (U+2713) in font "name:Times New Roman:mode=n
ode;script=latn;language=dflt;+tlig;"!


LaTeX Info: Redefining \. on input line 514.
LaTeX Info: Redefining \% on input line 514.
[770]





Missing character: There is no ✓ (U+2713) in font "name:Times New Roman:mode=n
ode;script=latn;language=dflt;+tlig;"!
Missing character: There is no ✓ (U+2713) in font "name:Times New Roman:mode=n
ode;script=latn;language=dflt;+tlig;"!
Missing character: There is no ✓ (U+2713) in font "name:Times New Roman:mode=n
ode;script=latn;language=dflt;+tlig;"!
Missing character: There is no ✓ (U+2713) in font "name:Times New Roman:mode=n
ode;script=latn;language=dflt;+tlig;"!
Missing character: There is no ✓ (U+2713) in font "name:Times New Roman:mode=n
ode;script=latn;language=dflt;+tlig;"!
Missing character: There is no ✓ (U+2713) in font "name:Times New Roman:mode=n
ode;script=latn;language=dflt;+tlig;"!
Missing character: There is no ✓ (U+2713) in font "name:Times New Roman:mode=n
ode;script=latn;language=dflt;+tlig;"!
Missing character: There is no ✓ (U+2713) in font "name:Times New Roman:mode=n
ode;script=latn;language=dflt;+tlig;"!
Missing character: There is no ✓ (U+2713) in font "name:Times New Roman:mode=n
ode;script=latn;language=dflt;+tlig;"!
Missing character: There is no ✓ (U+2713) in font "name:Times New Roman:mode=n
ode;script=latn;language=dflt;+tlig;"!
Missing character: There is no ✓ (U+2713) in font "name:Times New Roman:mode=n
ode;script=latn;language=dflt;+tlig;"!
Missing character: There is no ✓ (U+2713) in font "name:Times New Roman:mode=n
ode;script=latn;language=dflt;+tlig;"!


LaTeX Info: Redefining \. on input line 586.
LaTeX Info: Redefining \% on input line 586.
[771
Missing character: There is no ✓ (U+2713) in font "name:Times New Roman:mode=n
ode;script=latn;language=dflt;+tlig;"!
Missing character: There is no ✓ (U+2713) in font "name:Times New Roman:mode=n
ode;script=latn;language=dflt;+tlig;"!
Missing character: There is no ✓ (U+2713) in font "name:Times New Roman:mode=n
ode;script=latn;language=dflt;+tlig;"!
Missing character: There is no ✓ (U+2713) in font "name:Times New Roman:mode=n
ode;script=latn;language=dflt;+tlig;"!
Missing character: There is no ✓ (U+2713) in font "name:Times New Roman:mode=n
ode;script=latn;language=dflt;+tlig;"!
Missing character: There is no ✓ (U+2713) in font "name:Times New Roman:mode=n
ode;script=latn;language=dflt;+tlig;"!
Missing character: There is no ✓ (U+2713) in font "name:Times New Roman:mode=n
ode;script=latn;language=dflt;+tlig;"!
]

LaTeX Info: Redefining \. on input line 647.
LaTeX Info: Redefining \% on input line 647.
[772]

LaTeX Info: Redefining \. on input line 706.
LaTeX Info: Redefining \% on input line 706.
[773]

LaTeX Info: Redefining \. on input line 806.
LaTeX Info: Redefining \% on input line 806.
[774]

LaTeX Info: Redefining \. on input line 846.
LaTeX Info: Redefining \% on input line 846.
[775]
Overfull \hbox (3.31972pt too wide) detected at line 884
 $\OML/cmm/m/it/12 m \OT1/cmr/m/n/12 = [] [][] \OML/cmm/m/it/12 z dS \OT1/cmr/m
/n/12 = [][] [][](\OML/cmm/m/it/12 R [] \OT1/cmr/m/n/12 )(\OML/cmm/m/it/12 R[]
 [] \OT1/cmr/m/n/12 ) \OML/cmm/m/it/12 d d \OT1/cmr/m/n/12 = \OML/cmm/m/it/1
2 R[] \OMS/cmsy/m/n/12  [] [][] [] \OML/cmm/m/it/12  []  d \OT1/cmr/m/n/12 
= \OML/cmm/m/it/12 R[] \OMS/cmsy/m/n/12  []  [] \OT1/cmr/m/n/12 = []\OML/cmm/
m/it/12 :$ 
 []


Overfull \hbox (68.41812pt too wide) detected at line 903
 $\OML/cmm/m/it/12 M[] \OT1/cmr/m/n/12 = [][] [][](\OML/cmm/m/it/12 R []  [] \OT1/cmr/m/n/12 )(\OML/cmm/m/it/12 R [] \OT1/cmr/m/n/12 )(\OML/cmm/m/it/12 R[] [] \OT1/cmr/m/n/12 ) \OML/cmm/m/it/12 d d \OT1/cmr/m/n/12 = \OML/cmm/m/it/12 R[]  [][]  []  d \OMS/cmsy/m/n/12  [][]  [][] \OML/cmm/m/it/12  []  d \OT1/cmr/m/n/12 = \OML/cmm/m/it/12 R[] \OMS/cmsy/m/n/12  \OT1/cmr/m/n/12 1 \OMS/cmsy/m/n/12  [] \OT1/cmr/m/n/12 = []\OML/cmm/m/it/12 :$ 
 []



LaTeX Info: Redefining \. on input line 915.
LaTeX Info: Redefining \% on input line 915.
[776]

Package pgfplots Warning: the ticklabel anchor cannot be determined, the normal
 vector -(-0.62912pt,0.77728pt) and the unit x vector (0.94893pt,-0.3157pt) are
 almost parallel (abs(cos(angle)) = 0.84236pt)! on input line 972.

 [warning /pgfplots/warning/ticklabel anchor undetermined]

Package pgfplots Warning: the ticklabel anchor cannot be determined, the normal
 vector -(-0.62912pt,0.77728pt) and the unit x vector (0.94893pt,-0.3157pt) are
 almost parallel (abs(cos(angle)) = 0.84236pt)! on input line 972.

 [warning /pgfplots/warning/ticklabel anchor undetermined]

Package pgfplots Warning: the ticklabel anchor cannot be determined, the normal
 vector -(-0.62912pt,0.77728pt) and the unit x vector (0.94893pt,-0.3157pt) are
 almost parallel (abs(cos(angle)) = 0.84236pt)! on input line 972.

 [warning /pgfplots/warning/ticklabel anchor undetermined]

Package pgfplots Warning: the ticklabel anchor cannot be determined, the normal
 vector -(-0.62912pt,0.77728pt) and the unit x vector (0.94893pt,-0.3157pt) are
 almost parallel (abs(cos(angle)) = 0.84236pt)! on input line 972.

 [warning /pgfplots/warning/ticklabel anchor undetermined]

Package pgfplots Warning: the ticklabel anchor cannot be determined, the normal
 vector -(0.48035pt,0.87703pt) and the unit y vector (0.90413pt,0.42719pt) are 
almost parallel (abs(cos(angle)) = 0.80893pt)! on input line 972.

 [warning /pgfplots/warning/ticklabel anchor undetermined]

Package pgfplots Warning: the ticklabel anchor cannot be determined, the normal
 vector -(0.48035pt,0.87703pt) and the unit y vector (0.90413pt,0.42719pt) are 
almost parallel (abs(cos(angle)) = 0.80893pt)! on input line 972.

 [warning /pgfplots/warning/ticklabel anchor undetermined]

Package pgfplots Warning: the ticklabel anchor cannot be determined, the normal
 vector -(0.48035pt,0.87703pt) and the unit y vector (0.90413pt,0.42719pt) are 
almost parallel (abs(cos(angle)) = 0.80893pt)! on input line 972.

 [warning /pgfplots/warning/ticklabel anchor undetermined]

Package pgfplots Warning: the ticklabel anchor cannot be determined, the normal
 vector -(0.48035pt,0.87703pt) and the unit y vector (0.90413pt,0.42719pt) are 
almost parallel (abs(cos(angle)) = 0.80893pt)! on input line 972.

 [warning /pgfplots/warning/ticklabel anchor undetermined]

Package pgfplots Warning: the ticklabel anchor cannot be determined, the normal
 vector -(0.62912pt,-0.77728pt) and the unit x vector (0.94893pt,-0.3157pt) are
 almost parallel (abs(cos(angle)) = 0.84236pt)! on input line 972.

 [warning /pgfplots/warning/ticklabel anchor undetermined]

Package pgfplots Warning: the ticklabel anchor cannot be determined, the normal
 vector -(0.62912pt,-0.77728pt) and the unit x vector (0.94893pt,-0.3157pt) are
 almost parallel (abs(cos(angle)) = 0.84236pt)! on input line 972.

 [warning /pgfplots/warning/ticklabel anchor undetermined]

Package pgfplots Warning: the ticklabel anchor cannot be determined, the normal
 vector -(-0.48035pt,-0.87703pt) and the unit y vector (0.90413pt,0.42719pt) ar
e almost parallel (abs(cos(angle)) = 0.80893pt)! on input line 972.

 [warning /pgfplots/warning/ticklabel anchor undetermined]

Package pgfplots Warning: the ticklabel anchor cannot be determined, the normal
 vector -(-0.48035pt,-0.87703pt) and the unit y vector (0.90413pt,0.42719pt) ar
e almost parallel (abs(cos(angle)) = 0.80893pt)! on input line 972.

 [warning /pgfplots/warning/ticklabel anchor undetermined]


LaTeX Info: Redefining \. on input line 978.
LaTeX Info: Redefining \% on input line 978.
[777]

LaTeX Info: Redefining \. on input line 1047.
LaTeX Info: Redefining \% on input line 1047.
[778]

LaTeX Info: Redefining \. on input line 1108.
LaTeX Info: Redefining \% on input line 1108.
[779]

LaTeX Info: Redefining \. on input line 1189.
LaTeX Info: Redefining \% on input line 1189.
[780]

LaTeX Info: Redefining \. on input line 1272.
LaTeX Info: Redefining \% on input line 1272.
[781]

LaTeX Info: Redefining \. on input line 1311.
LaTeX Info: Redefining \% on input line 1311.
[782]

LaTeX Info: Redefining \. on input line 1432.
LaTeX Info: Redefining \% on input line 1432.
[783]

LaTeX Info: Redefining \. on input line 1481.
LaTeX Info: Redefining \% on input line 1481.
[784]







LaTeX Info: Redefining \. on input line 1561.
LaTeX Info: Redefining \% on input line 1561.
[785])

LaTeX Info: Redefining \. on input line 560.
LaTeX Info: Redefining \% on input line 560.
[786] (./anfalearNotasCalculo.loe

[787]

LaTeX Info: Redefining \. on input line 105.
LaTeX Info: Redefining \% on input line 105.
[788]

LaTeX Info: Redefining \. on input line 160.
LaTeX Info: Redefining \% on input line 160.
[789]

LaTeX Info: Redefining \. on input line 215.
LaTeX Info: Redefining \% on input line 215.
[790]

LaTeX Info: Redefining \. on input line 270.
LaTeX Info: Redefining \% on input line 270.
[791]

LaTeX Info: Redefining \. on input line 325.
LaTeX Info: Redefining \% on input line 325.
[792]

LaTeX Info: Redefining \. on input line 380.
LaTeX Info: Redefining \% on input line 380.
[793]

LaTeX Info: Redefining \. on input line 435.
LaTeX Info: Redefining \% on input line 435.
[794]

LaTeX Info: Redefining \. on input line 490.
LaTeX Info: Redefining \% on input line 490.
[795]

LaTeX Info: Redefining \. on input line 545.
LaTeX Info: Redefining \% on input line 545.
[796]

LaTeX Info: Redefining \. on input line 600.
LaTeX Info: Redefining \% on input line 600.
[797]

LaTeX Info: Redefining \. on input line 655.
LaTeX Info: Redefining \% on input line 655.
[798]

LaTeX Info: Redefining \. on input line 710.
LaTeX Info: Redefining \% on input line 710.
[799]

LaTeX Info: Redefining \. on input line 765.
LaTeX Info: Redefining \% on input line 765.
[800]

LaTeX Info: Redefining \. on input line 820.
LaTeX Info: Redefining \% on input line 820.
[801]

LaTeX Info: Redefining \. on input line 875.
LaTeX Info: Redefining \% on input line 875.
[802]

LaTeX Info: Redefining \. on input line 930.
LaTeX Info: Redefining \% on input line 930.
[803]

LaTeX Info: Redefining \. on input line 985.
LaTeX Info: Redefining \% on input line 985.
[804]

LaTeX Info: Redefining \. on input line 1040.
LaTeX Info: Redefining \% on input line 1040.
[805]

LaTeX Info: Redefining \. on input line 1095.
LaTeX Info: Redefining \% on input line 1095.
[806]

LaTeX Info: Redefining \. on input line 1150.
LaTeX Info: Redefining \% on input line 1150.
[807]

LaTeX Info: Redefining \. on input line 1205.
LaTeX Info: Redefining \% on input line 1205.
[808]

LaTeX Info: Redefining \. on input line 1260.
LaTeX Info: Redefining \% on input line 1260.
[809]

LaTeX Info: Redefining \. on input line 1315.
LaTeX Info: Redefining \% on input line 1315.
[810]

LaTeX Info: Redefining \. on input line 1370.
LaTeX Info: Redefining \% on input line 1370.
[811]

LaTeX Info: Redefining \. on input line 1425.
LaTeX Info: Redefining \% on input line 1425.
[812]

LaTeX Info: Redefining \. on input line 1479.
LaTeX Info: Redefining \% on input line 1479.
[813]

LaTeX Info: Redefining \. on input line 1534.
LaTeX Info: Redefining \% on input line 1534.
[814]

LaTeX Info: Redefining \. on input line 1589.
LaTeX Info: Redefining \% on input line 1589.
[815]

LaTeX Info: Redefining \. on input line 1644.
LaTeX Info: Redefining \% on input line 1644.
[816]

LaTeX Info: Redefining \. on input line 1699.
LaTeX Info: Redefining \% on input line 1699.
[817]

LaTeX Info: Redefining \. on input line 1754.
LaTeX Info: Redefining \% on input line 1754.
[818]

LaTeX Info: Redefining \. on input line 1809.
LaTeX Info: Redefining \% on input line 1809.
[819]

LaTeX Info: Redefining \. on input line 1864.
LaTeX Info: Redefining \% on input line 1864.
[820]

LaTeX Info: Redefining \. on input line 1919.
LaTeX Info: Redefining \% on input line 1919.
[821]

LaTeX Info: Redefining \. on input line 1974.
LaTeX Info: Redefining \% on input line 1974.
[822]

LaTeX Info: Redefining \. on input line 2029.
LaTeX Info: Redefining \% on input line 2029.
[823]

LaTeX Info: Redefining \. on input line 2084.
LaTeX Info: Redefining \% on input line 2084.
[824]

LaTeX Info: Redefining \. on input line 2139.
LaTeX Info: Redefining \% on input line 2139.
[825]

LaTeX Info: Redefining \. on input line 2194.
LaTeX Info: Redefining \% on input line 2194.
[826]

LaTeX Info: Redefining \. on input line 2249.
LaTeX Info: Redefining \% on input line 2249.
[827])

LaTeX Info: Redefining \. on input line 562.
LaTeX Info: Redefining \% on input line 562.
[828] (./anfalearNotasCalculo.lof
LaTeX Info: Redefining \. on input line 1.
LaTeX Info: Redefining \% on input line 1.


[829]

LaTeX Info: Redefining \. on input line 70.
LaTeX Info: Redefining \% on input line 70.
[830]
Overfull \hbox (5.8835pt too wide) in paragraph at lines 89--89
 [][] [][]\TU/TimesNewRoman(0)/m/n/12 Re-pre-sen-ta-ción bi-di-men-sio-nal de 
una rec-ta en el es-pa-cio tri-di-men-sio-nal $\U/msb/m/n/12 R[]$\TU/TimesNewRo
man(0)/m/n/12 . El pun-to $\OML/cmm/m/it/12 P\OT1/cmr/m/n/12 (\OML/cmm/m/it/12 
x[]; y[]; z[]\OT1/cmr/m/n/12 )$ 
 []



LaTeX Info: Redefining \. on input line 103.
LaTeX Info: Redefining \% on input line 103.
[831]

LaTeX Info: Redefining \. on input line 127.
LaTeX Info: Redefining \% on input line 127.
[832]

LaTeX Info: Redefining \. on input line 155.
LaTeX Info: Redefining \% on input line 155.
[833]

LaTeX Info: Redefining \. on input line 193.
LaTeX Info: Redefining \% on input line 193.
[834]

LaTeX Info: Redefining \. on input line 231.
LaTeX Info: Redefining \% on input line 231.
[835]
Overfull \hbox (13.88596pt too wide) in paragraph at lines 231--231
 [][] [][]\TU/TimesNewRoman(0)/m/n/12 Ma-pa de con-torno de $\OML/cmm/m/it/12 f$\TU/TimesNewRoman(0)/m/n/12 : las cur-vas de ni-vel $\OT1/cmr/m/n/12 10\OML/cmm/m/it/12 ; \OT1/cmr/m/n/12 20\OML/cmm/m/it/12 ; \OT1/cmr/m/n/12 30\OML/cmm/m/it/12 ; \OT1/cmr/m/n/12 40$ \TU/TimesNewRoman(0)/m/n/12 cor-tan el eje $\OML/cmm/m/it/12 x$ \TU/TimesNewRoman(0)/m/n/12 en $\OML/cmm/m/it/12 x \OMS/cmsy/m/n/12  ^^@\OT1/cmr/m/n/12 1[]5\OML/cmm/m/it/12 ; \OMS/cmsy/m/n/12 ^^@\OT1/cmr/m/n/12 0[]5\OML/cmm/m/it/12 ; \OT1/cmr/m/n/12 0[]5\OML/cmm/m/it/12 ; \OT1/cmr/m/n/12 1[]5$\TU/TimesNewRoman(0)/m/n/12 . 
 []


Overfull \hbox (2.72165pt too wide) in paragraph at lines 268--268
 [][] [][]\TU/TimesNewRoman(0)/m/n/12 Fi-gu-ra ori-gi-nal (Su-do-ku 3D cu-be, [
]$\TU/lmtt/m/n/12 https://texample.net/tikz/examples/sudoku-[]3d-[]cube$[]\TU/T
imesNewRoman(0)/m/n/12 )[] []  
 []



LaTeX Info: Redefining \. on input line 271.
LaTeX Info: Redefining \% on input line 271.
[836]

LaTeX Info: Redefining \. on input line 298.
LaTeX Info: Redefining \% on input line 298.
[837]

LaTeX Info: Redefining \. on input line 328.
LaTeX Info: Redefining \% on input line 328.
[838])
\tf@lof=\write8

\openout8 = anfalearNotasCalculo.lof
 (./anfalearNotasCalculo.bbl

LaTeX Info: Redefining \. on input line 1.
LaTeX Info: Redefining \% on input line 1.
[839]

LaTeX Info: Redefining \. on input line 1.
LaTeX Info: Redefining \% on input line 1.
[840

]

[841])

LaTeX Info: Redefining \. on input line 572.
LaTeX Info: Redefining \% on input line 572.
[842] (./anfalearNotasCalculo.ind





[843


]





LaTeX Info: Redefining \. on input line 219.
LaTeX Info: Redefining \% on input line 219.
[844]





LaTeX Info: Redefining \. on input line 344.
LaTeX Info: Redefining \% on input line 344.
[845]





LaTeX Info: Redefining \. on input line 461.
LaTeX Info: Redefining \% on input line 461.
[846]





)

LaTeX Info: Redefining \. on input line 573.
LaTeX Info: Redefining \% on input line 573.
[847]
\tf@loe=\write9

\openout9 = anfalearNotasCalculo.loe
 (./anfalearNotasCalculo.aux
LaTeX Info: Redefining \. on input line 11.
LaTeX Info: Redefining \% on input line 11.
)
 ***********
LaTeX2e <2025-06-01> patch level 1
L3 programming layer <2025-06-09>
 ***********
Package rerunfilecheck Info: File `anfalearNotasCalculo.out' has not changed.
(rerunfilecheck)             Checksum: C5AAD63BA29573CC7C43076D5BFD8C34;86181.
)

Here is how much of LuaTeX's memory you used:
 98956 strings out of 470205
 305235,4101490 words of node,token memory allocated
 27025 words of node memory still in use:
   32 hlist, 2 vlist, 14 rule, 3 glue, 4 kern, 1 glyph, 8197 attribute, 101 glue
_spec, 4136 attribute_list, 2 write, 24 pdf_literal, 189 pdf_action, 24 pdf_colo
rstack nodes
   avail lists: 1:19,2:24849,3:16348,4:546,5:2066,6:336,7:11350,8:150,9:4399,10:
32,11:1181
 117594 multiletter control sequences out of 65536+600000
 153 fonts using 36017359 bytes
 76i,22n,95p,1148b,3644s stack positions out of 10000i,1000n,20000p,200000b,200000s
<c:/users/anfalear/appdata/local/programs/miktex/fonts/opentype/public/lm/lmmono
10-regular.otf><c:/users/anfalear/appdata/local/programs/miktex/fonts/opentype/p
ublic/lm/lmsans10-boldoblique.otf><c:/users/anfalear/appdata/local/programs/mikt
ex/fonts/opentype/public/lm/lmsans10-bold.otf><C:/WINDOWS/Fonts/timesbd.ttf><C:/
WINDOWS/Fonts/timesbi.ttf><C:/WINDOWS/Fonts/timesi.ttf><c:/users/anfalear/appdat
a/local/programs/miktex/fonts/opentype/public/lm/lmmono12-regular.otf><C:/WINDOW
S/Fonts/times.ttf><C:/Users/anfalear/AppData/Local/Programs/MiKTeX/fonts/type1/p
ublic/amsfonts/cm/cmbx12.pfb><C:/Users/anfalear/AppData/Local/Programs/MiKTeX/fo
nts/type1/public/amsfonts/cm/cmbx8.pfb><C:/Users/anfalear/AppData/Local/Programs
/MiKTeX/fonts/type1/public/amsfonts/cm/cmex10.pfb><C:/Users/anfalear/AppData/Loc
al/Programs/MiKTeX/fonts/type1/public/amsfonts/cmextra/cmex7.pfb><C:/Users/anfal
ear/AppData/Local/Programs/MiKTeX/fonts/type1/public/amsfonts/cmextra/cmex8.pfb>
<C:/Users/anfalear/AppData/Local/Programs/MiKTeX/fonts/type1/public/amsfonts/cm/
cmmi10.pfb><C:/Users/anfalear/AppData/Local/Programs/MiKTeX/fonts/type1/public/a
msfonts/cm/cmmi12.pfb><C:/Users/anfalear/AppData/Local/Programs/MiKTeX/fonts/typ
e1/public/amsfonts/cm/cmmi5.pfb><C:/Users/anfalear/AppData/Local/Programs/MiKTeX
/fonts/type1/public/amsfonts/cm/cmmi6.pfb><C:/Users/anfalear/AppData/Local/Progr
ams/MiKTeX/fonts/type1/public/amsfonts/cm/cmmi7.pfb><C:/Users/anfalear/AppData/L
ocal/Programs/MiKTeX/fonts/type1/public/amsfonts/cm/cmmi8.pfb><C:/Users/anfalear
/AppData/Local/Programs/MiKTeX/fonts/type1/public/amsfonts/cm/cmmib10.pfb><C:/Us
ers/anfalear/AppData/Local/Programs/MiKTeX/fonts/type1/public/amsfonts/cm/cmr10.
pfb><C:/Users/anfalear/AppData/Local/Programs/MiKTeX/fonts/type1/public/amsfonts
/cm/cmr12.pfb><C:/Users/anfalear/AppData/Local/Programs/MiKTeX/fonts/type1/publi
c/amsfonts/cm/cmr17.pfb><C:/Users/anfalear/AppData/Local/Programs/MiKTeX/fonts/t
ype1/public/amsfonts/cm/cmr5.pfb><C:/Users/anfalear/AppData/Local/Programs/MiKTe
X/fonts/type1/public/amsfonts/cm/cmr6.pfb><C:/Users/anfalear/AppData/Local/Progr
ams/MiKTeX/fonts/type1/public/amsfonts/cm/cmr7.pfb><C:/Users/anfalear/AppData/Lo
cal/Programs/MiKTeX/fonts/type1/public/amsfonts/cm/cmr8.pfb><C:/Users/anfalear/A
ppData/Local/Programs/MiKTeX/fonts/type1/public/amsfonts/cm/cmsy10.pfb><C:/Users
/anfalear/AppData/Local/Programs/MiKTeX/fonts/type1/public/amsfonts/cm/cmsy5.pfb
><C:/Users/anfalear/AppData/Local/Programs/MiKTeX/fonts/type1/public/amsfonts/cm
/cmsy6.pfb><C:/Users/anfalear/AppData/Local/Programs/MiKTeX/fonts/type1/public/a
msfonts/cm/cmsy7.pfb><C:/Users/anfalear/AppData/Local/Programs/MiKTeX/fonts/type
1/public/amsfonts/cm/cmsy8.pfb><C:/Users/anfalear/AppData/Local/Programs/MiKTeX/
fonts/type1/public/amsfonts/latxfont/line10.pfb><C:/Users/anfalear/AppData/Local
/Programs/MiKTeX/fonts/type1/public/amsfonts/symbols/msam10.pfb><C:/Users/anfale
ar/AppData/Local/Programs/MiKTeX/fonts/type1/public/amsfonts/symbols/msbm10.pfb>

Output written on anfalearNotasCalculo.pdf (847 pages, 7457366 bytes).

PDF statistics: 16589 PDF objects out of 18468 (max. 8388607)
 7994 named destinations out of 8907 (max. 131072)
 3365 words of extra memory for PDF output out of 10000 (max. 100000000)

